Production Rate,Furnace Temperature,Machine Operation Hours,Ambient Temperature,Maintenance Score,Energy Consumption (kWh)
147.82187426245162,789.0266387106249,19.92242590826816,30.85187475086787,38.60509356518358,5768.154388191779
146.80921616172685,781.546338932804,17.70758195241806,20.629230269917944,21.208123747737773,5671.046544105136
152.72629804045133,806.0339617159982,18.24943326255183,17.787102843543465,55.921813176845816,5899.159498077172
156.51019292416427,812.2713378558336,20.29198465053227,22.098631096920776,76.53162995253862,5970.598104353861
167.22034727889132,805.4001682464708,19.59076781168016,26.547855887327085,37.20435678122074,6084.428760096791
145.3027580024418,792.5561156792493,17.512463453712275,24.092204678604865,67.34197289114327,5719.339554665239
145.74271605567392,798.5430476652754,17.735060775556782,22.600605627213177,49.23670487012489,5711.806075663986
137.83176401927608,798.0838369706569,17.21870106423691,29.28765874381971,45.56495494398774,5650.204711014054
135.4901795213647,815.3190140310367,18.14743114966603,32.183481541871366,92.46417911286366,5638.990554835202
145.62989506033503,804.7418574167757,17.487833432008472,16.40108911285173,96.58366688075836,5786.978710067509
143.47755432269886,795.7916820750389,18.10059973045947,25.074995931443503,92.6907562145864,5711.6313088730685
142.67929624418196,808.424107346633,18.937967790759647,19.325523635819312,50.19454051318417,5765.802982883393
154.6960270425217,789.3502244723694,17.702146798136223,34.77499818940567,47.78673549131358,5774.085403832984
144.21285802121395,790.6399627919902,18.779326811981832,25.105679511601945,41.09425523501099,5759.897840685613
158.10097333946229,799.6311471038465,20.10784122177573,19.191725448938527,40.63322309637678,6015.150267644913
157.99602892635434,790.6847726925371,17.95869689767683,27.50923453532783,33.37765970697978,5842.955289458047
143.0890892388522,807.5249771718659,17.08442902009992,37.99033640683962,21.354285449034137,5707.538312915968
162.31244468355598,797.1988761263982,19.211131289214787,22.50871739256837,49.43708110457581,6004.419093012984
140.85996079181623,813.510459581163,18.33216754493471,25.43918194601017,98.56007339528004,5784.952269378013
146.1233547447612,810.5400509033987,15.954324226122315,19.21176744549571,35.34731920607206,5688.8263157100055
150.1479611973431,821.2457480279213,18.573028059528227,13.781101962807016,82.95658314283686,5888.512146069461
164.4211857493764,816.8866081763392,16.51343736720605,24.09854206721044,68.66786117241294,5982.867112292717
150.15158326073,808.8163379438023,18.036326095212026,23.2151067947569,32.67388905686336,5839.333246656165
152.65597375158248,783.5840815866072,16.312576528746597,27.749008688732197,60.73244167930659,5701.970054712693
146.3434664695736,800.230810155197,19.14007500860552,27.01686977815737,85.08527573220954,5786.310063563725
142.606047254803,805.1056907866242,16.24612153087381,15.538021106854018,6.803731409166969,5728.638210240348
159.6233027093679,798.7833311764233,18.204626680183477,13.551987177260155,89.7532326522084,5906.633452610252
141.10284881385286,809.6714000017754,17.96265807675375,32.30916827052553,87.4743649656566,5692.636764422728
152.86059743512655,808.9694415609207,19.27440211975434,31.4186287299031,16.372895787917095,5901.562215332159
149.10490397820007,801.3273420893971,16.553758773093005,14.23664501279266,59.61426495498969,5749.564356628317
147.77892928253556,806.8726122971577,17.423634719972966,19.15972697183779,5.621390545987848,5776.393401640892
155.64620351578716,787.7543871404894,17.940918533850656,33.30719228556344,63.17224183265841,5795.392338973238
152.97428583333425,799.4791815744411,18.91712761036161,17.384017020719803,58.17215274734768,5882.84283522124
154.8981423193458,805.8795895733597,18.739989678336507,19.575590261584,58.3105757279898,5942.379077307926
147.78704607673373,802.1576657475084,18.485252484101213,27.66864284698957,13.032043317233589,5758.762473171713
161.16185543513788,787.5716641696498,17.446379275268995,26.929559268035437,7.971507318728499,5876.18372591408
151.43677539960603,788.3070872487724,18.606472329327964,28.43434186705405,91.32296862792704,5729.733704262314
152.11963971564836,793.0761645362766,17.687812448038464,27.70362047717523,38.79727543978864,5742.464099062183
141.74918332903084,771.2394305571916,18.24818800467216,24.00621153809421,24.160127643576303,5624.273092560156
148.0146272438424,780.3193396029036,19.145694790719475,28.091765929746806,85.61536219946603,5654.390194919663
152.01607488022478,804.8500136841844,18.46741790559316,18.84178475400465,4.929449276441645,5916.812623052836
149.84349660896086,793.6007345519334,19.15134678611708,21.43713155158777,98.33407684142266,5836.216544189667
138.27432242746326,823.7792009805917,16.756620620836845,31.923404405534484,43.789988714291226,5638.926352464832
147.52191658530015,799.5725559885421,18.14473712843204,26.34529842574476,63.07704201726207,5731.698582832044
157.1251652480201,788.7362002893092,16.5139704688745,31.352371179303272,45.28248052843268,5738.440964338093
162.75596015329435,810.7013675680008,17.455078315747944,27.658012782684253,43.45309633044954,5965.054491259811
150.10363545843418,789.6407256542875,16.378009940286702,26.066500637608183,84.3812863658306,5584.024752005875
143.2457845199654,781.7360739087785,19.083141586595204,20.832397785021133,0.735304455442698,5768.198660769791
152.48173462740564,804.0510671273751,17.512447111851994,26.508841653643078,36.3403931999427,5792.69569506228
150.62387151393438,797.6307841326746,16.55801994065323,34.53903386908411,34.80519554773205,5708.022531972127
148.18146484938185,792.8795542930252,16.926306461559772,36.54067476894972,40.35199924402112,5698.275962307624
149.36545293152193,801.1566322538658,17.6961448529079,17.09720848032049,71.72618758657563,5748.44412130817
148.86208480136116,810.2634338803317,17.86270726282026,19.837689935322988,8.540303016272166,5797.109388498979
151.50890470722663,811.5429420300965,16.740254698222063,19.21277323053885,12.564349241231398,5783.463529626081
148.33595447046906,805.2691503849675,18.843272654580144,24.998117964329357,50.45029240548358,5837.572987281454
144.12088782964298,811.2089696917033,17.414456662362497,15.212345107234327,88.43434279712875,5758.972742225218
157.53375942868806,811.4361463397535,17.517266812235054,24.660469066600623,47.41579458790797,5955.162761747643
147.98045580529637,806.6017731924846,17.77768113384837,24.420257979910662,97.90318407916672,5759.670190361583
141.75666731856484,803.9010751037116,17.095677462978877,12.609501722462078,48.648276573242285,5625.3949541278125
146.83077283217372,804.3934192211552,17.176226295074645,20.74335398543472,48.56342984133404,5768.406104909404
135.98116252410708,805.4498219631846,17.585073974623693,17.270154295218774,13.328425808217316,5616.62941494677
149.93438516196423,793.8743745805939,17.986854141210475,23.037896094341374,26.355147949677782,5853.505224098762
161.26383771849123,778.1734418579264,18.488542018216943,31.383645925365137,88.90006108146659,5796.527698457267
157.04816207728217,785.192317006408,18.439064032777846,29.273932957480973,5.461030321346905,5927.816849939431
158.4851260701417,793.8916127923159,16.721422622700445,35.40961945502085,54.64070742121321,5776.161983968873
150.7551911908872,816.6584336760409,17.86752603810305,26.40414672611889,30.96917111051891,5821.065615886184
140.26178244076067,803.412214345681,18.007152433606855,27.79927186870076,23.285855687609423,5837.780515680082
148.16090127676824,789.0151276840693,15.898731184236969,20.318805225295225,6.875390642248746,5685.188649119164
143.0932397838777,799.716349811995,17.547590170132572,21.6667193230788,34.327548906444825,5599.5726169533655
155.35115569459978,802.9873090478206,18.608455805440784,21.41815427967356,45.49568797277372,5936.069634225621
144.8715534675242,792.8268768607338,17.479144644821176,21.852025557599184,17.478498788336594,5735.989801150033
146.0054580013665,790.7276477088167,19.99473569970819,20.588179235908285,28.1825003295472,5822.621312433197
151.36990167359346,801.7744059511712,18.205936785574497,34.65268513440624,98.4575896376113,5772.543874978262
170.2724825857539,805.5020689564959,17.0479219170076,17.743138387487168,94.13343927869016,5976.00337332949
153.05453053784586,808.50349109007,18.97031413065793,18.330518502918693,10.187876413955657,5877.494917481105
142.52696185846042,796.444144879043,18.603647128698764,22.29304684954601,3.6461050825618457,5772.978493281779
149.7051516981251,800.8527229907688,18.084224711413366,26.213972778536814,40.64165365740187,5810.611346907206
150.55575712458162,799.729664025903,19.29262566604672,22.531440357303985,4.515136441229195,5942.330809748204
151.06349032765613,835.443494003078,18.634923464282178,29.40782527275598,91.17851123817714,5988.946771278433
150.29021903272732,786.410289577188,18.705548297441737,36.38373216863867,79.50115369284704,5697.226883014465
148.75080866785714,779.6181203585534,18.744220983818465,23.0192794362013,85.3317186666586,5684.6739832094345
150.1479611973431,794.5841833695827,17.09070663084971,32.14329156606158,41.1144336479987,5735.838251650528
156.31598782092843,807.0504069986698,17.223765800485218,15.716176066369806,42.914949195832186,5889.053596438131
160.25528113425548,797.3478536992164,17.338066772491903,31.176744889590143,83.23910417019079,5777.542144075077
144.63538883278824,794.8269948292625,17.60350152707517,37.57506101085495,86.96958848516338,5667.0736245512
167.80358637280395,801.5866683518772,19.19429175601945,20.57937918431427,1.6969129315466458,6089.0977884157455
145.14952805034915,799.9326128819072,18.08105223543677,32.66179231652913,51.51670283865888,5722.732021911873
138.46276575321951,787.3126454686916,17.750253712252146,22.851823721518084,79.7998035219224,5568.419963540849
155.20779475805472,788.7243778093398,17.949535379633332,36.52220501286557,12.6110141678625,5914.856837323525
151.871995261792,796.6970451127041,18.15652279917469,30.08062465129896,32.622050698093155,5795.021316413543
153.88947728025934,782.0589522463539,17.495577647078633,24.267657207272336,98.138333424128,5728.312011862548
152.93903646354167,796.1232394820654,18.57114641148266,25.84215921908828,76.04000672874827,5789.840127550083
145.63094999886576,817.9329693413854,15.985334854996688,26.053217377471587,61.629074835414464,5713.150191722304
158.3482656350992,818.9878084356594,18.81127717772461,16.911717328358996,98.61767972836948,6011.610871194975
155.31233481079104,786.7474324289705,17.572487784903977,28.515425206987896,64.51500833009034,5782.001293218651
156.76555511675463,815.3654282854668,17.22968536435018,22.66045776064333,3.840087732634456,5921.036970066451
141.59525391501424,802.8165102425897,17.42621840532923,32.497029404236955,62.68329044150672,5649.442691651768
159.12463046819732,799.8395797932511,18.36383953550388,30.09767193109728,94.71529360063548,5896.171318100261
165.35532422672134,792.3615311685272,17.64356343869226,17.575440170664564,15.174291295305242,5986.988389767373
133.19652203286807,808.3726337609306,18.57201240437286,22.17241755578488,57.277250973710906,5670.957834262119
133.87191488046943,783.745438829671,17.516484555577875,26.022782625979424,96.62742977481858,5439.458393073262
140.12156056993095,792.7930192497673,19.536351946220197,23.96318957562121,27.869431592852575,5793.966803660375
140.1955722180222,810.8975969056067,19.21756160525358,32.97184496948939,66.47392049108463,5777.764747408757
144.02712841774698,802.6458957083561,17.718222913883693,23.910981027186,58.07685836144216,5756.56052952199
151.76199151419158,793.3248191521416,19.92309414212251,38.68991101923306,97.18453013254846,5819.5156663529
140.03333667595498,798.3616112920848,17.12724781408821,17.565683784840147,59.76823355234591,5646.857023858941
160.52165882925806,804.1030283333988,18.31303329879436,19.344651965248744,95.22600783623236,5918.155257620554
150.1479611973431,792.8190017674681,17.70743654684291,36.32612594404114,51.8010431376098,5811.068291538098
144.69066441959984,803.846193087211,18.879904632129517,29.15633653070116,12.611532237541056,5741.288236015265
160.51528024422473,824.031526028402,17.12837232003645,20.007632170900862,98.73684723122,5946.91445722836
153.89474565024028,789.0943899317248,16.64724070517236,17.81926812144213,41.716427897570206,5715.17149992881
156.51538397131498,798.4006281314901,17.632255282649318,21.464370089264165,86.70601823789474,5827.941770293617
150.8201307346713,799.2880643528177,18.679612249669184,25.43608314597605,30.44904243540304,5867.984202127202
154.8812233530798,801.4028133329651,18.31716696824011,30.233182000437868,25.283740069028926,5851.028456150787
136.07101609744703,805.3805342719687,18.281746767883725,28.57864682549052,56.45940812903215,5638.6636338179405
150.1479611973431,813.4653844697689,16.967116358080336,19.50235539661765,1.41966344717237,5736.228794271674
139.1326420743164,784.0154352032033,17.212927826458767,20.72695681494374,5.8457987236877,5588.323809072816
154.5026114470294,812.0534407807305,18.50778036605652,35.567128749204244,22.43829797997955,5923.958720864503
144.63732913920413,828.6347736479629,18.847967471384344,36.46851452283834,53.55424730977983,5833.9659179863
158.70011592178167,782.5020470574748,17.991164694918318,22.982471567913567,28.191835559725163,5857.530328639722
165.48906160598952,810.2034411737848,18.07963529653289,13.13064850375114,75.48274583623312,6030.356104196465
137.62913349583798,805.021326938372,17.380515555836592,24.789954339962584,30.158686987355157,5691.789661196712
150.1479611973431,790.1488368263967,16.728324490262914,31.921542059901554,26.004804025243388,5969.053394229948
131.05518881422614,793.2314097620549,20.245678869888398,24.514729012807237,82.8185869323453,5587.890340959141
137.46417177362954,789.7948310333907,18.239628376605346,22.98167832753318,76.51488498612639,5527.589036903185
152.1484848900405,777.8199724016936,16.98173562861185,28.501265818071325,76.90611331597242,5624.672966002651
150.1479611973431,795.9449307804356,17.920733928699157,36.83525306073885,77.7727910067793,5824.39919506095
164.57368923128024,798.0476674820011,18.43200386653408,32.821047591608554,63.00186806188274,5967.716860112527
149.45616325713257,803.5871616274511,18.52773701402513,24.379412654258296,3.979712733565255,5831.684499699989
151.23698349683124,802.1145464455476,18.84096990883954,38.847497503696665,21.14312579989112,5873.330654184124
147.90153750062638,788.9077452215265,18.80576550203333,29.388281515449957,3.900642076281813,5777.748786996827
141.9447746191116,822.8381997137999,18.2007195076655,31.04280001883896,74.75206367465049,5774.029248687585
142.13590217385848,795.8615520117814,19.633409010896933,9.381177473036209,61.03760597816921,5815.591153046863
147.1794595289847,823.1809592230661,17.17382007278904,34.896885365943525,44.582554982701616,5727.537848152894
160.74409058288012,800.1149140802615,18.63262803945174,22.831223399836084,44.55178144931612,5925.037061345299
145.55777783105395,804.0768891787549,17.294639979088537,17.80181482980815,29.94231248031066,5781.005011983772
150.1479611973431,819.420301849375,17.999326835152186,27.707351915911048,48.523045576535615,6249.466037230839
131.9038269770167,798.8239732672241,18.907535530325863,29.565079925868865,96.23380574812067,5565.741007833495
155.90537276520078,793.5278404318848,17.834363454992307,24.412508521342577,18.176359776119423,5873.048334349388
142.37136221891237,806.1974287289911,18.414901624146832,23.57133738212768,8.696702025593305,5719.351438312485
149.71432213532586,826.6779129961449,17.782830080426983,23.83438520812889,93.81811725247223,5845.341076578383
160.51518209233873,800.3128108467973,18.576386906179373,28.192037192931657,80.99787436834724,5975.014412517744
149.40735669939386,785.6290356194979,15.683123699637392,35.52959842988345,68.31142857230465,5580.923171831094
153.104453731781,796.8253531371307,18.203977524012,27.774901744401124,14.938163622643208,5914.010830586663
145.51973017715775,819.1757291881179,15.131463451970216,13.781549801827476,84.39934719420248,5716.743577189513
161.86167916901414,812.1135423385964,18.33029265936142,23.705994174714206,9.132573433355706,6059.562816708636
148.2871538795596,804.3132225102937,19.6519546806077,33.511188070888224,54.37870703917469,5885.006581276159
161.90862798823122,817.8956489736352,19.651908784260662,19.861010575544807,48.01835152618879,6049.641844429004
147.0430260928225,804.7070775935514,19.318920889298024,24.02725614712085,81.09351926726106,5810.599290681758
150.67719723173673,797.6564543490126,18.37410743330544,22.613921838312372,71.8699265972796,5849.514370030958
165.24424945850856,781.4787167799587,17.075131110280754,21.050509525996908,33.242669217436514,5902.375347280792
171.06949574995218,800.8373133918077,18.85058765922447,20.12191376643922,79.6390722619709,6100.774432294667
161.88218269152293,792.7431936409981,19.44495591580141,28.42304325012709,26.26954770019353,5996.242487320377
156.68985523804463,802.9680546861981,18.61792758790933,18.079896936424245,38.451581370626656,5884.836630249158
140.59335444885397,815.1419587727097,18.46347867062752,27.623879122233763,12.907124693088146,5794.020074669343
152.3848470722575,799.7628230327324,17.03679884532209,26.39672045764098,18.659009687316757,5774.218997332905
150.5642732826536,804.6833203720116,18.01863582480929,24.774576130123112,71.76761577934995,5792.72886348869
145.64007352299728,797.1246321813902,17.569414011428137,13.293388815768251,61.66219781652751,5697.355465776674
153.77905205205005,791.6510638979445,16.7686891689626,19.688507883254665,58.660173740456045,5805.349514851157
151.40622255579297,789.616630407305,19.864457831004252,21.26779116667371,13.574585309990104,5835.989434342143
162.99987875936375,787.8965702403844,19.184547129757984,17.94295998067132,95.22640145333725,5946.701253181067
154.23884245829876,784.4310814830234,17.702594871003004,30.40239153037038,98.81240759546354,5670.363456642647
151.62016797120287,811.6227911589949,16.319377890355337,23.76033232182372,86.50710993753938,5795.430009653722
157.40370697481566,810.2017489611642,18.39747830984425,35.05835816324922,77.21520276158381,5839.138942544914
155.27413674822748,790.2111913713724,16.820327453292457,23.07821317278015,23.88451604036069,5689.974603457732
148.43351267937192,813.4128651595839,17.73422783992896,24.711468956015363,97.44393106384751,5812.079518985031
149.7145433768068,793.2019451414911,17.768785219593735,19.179254437722136,44.68741952004389,5740.13861710222
135.52557402673776,796.927372371233,17.682626630569057,31.60793774641457,5.116550644547591,5562.025260872672
150.1479611973431,807.7299006667696,20.80163970404329,26.93784702170601,91.1818569539447,5858.997742188226
138.9351722941879,807.8611800981478,16.381321992514618,23.78485463761102,12.93806169667009,5705.940707371458
155.0691500451513,785.0596255492611,17.872228054818354,31.34420983226935,73.74314414271221,5790.280484425716
146.18607238815343,814.623074128541,16.472818128849475,24.438182867564976,83.74725196187745,5710.466722428314
170.20712015146665,790.3854591848191,17.204600690502783,22.22236292784845,58.58083942152443,5956.921544597447
144.24125906922103,797.6798418441251,18.458136505046625,25.940162369479147,16.33544497431565,5735.674056161454
138.80838395973527,782.5632747120396,17.60461531535901,32.95259265457047,53.75811380515143,5553.953665973015
164.79496011597158,799.7056140223355,18.24486491313561,12.53312908086282,10.68209929639906,5973.154873765128
153.8031115931867,801.573057741403,16.968466127559076,33.13265680663297,25.763199876352918,5811.204657764966
160.33487291347006,782.4487832074433,18.869620761782155,28.92985350533014,20.42564679363964,5897.103699426659
156.141666848404,787.4928810951012,16.92643412791166,16.55910994301477,57.579247112230966,5783.683212800538
149.80145053308468,814.6253326452484,18.845735125794683,12.481134049773493,92.3731395876776,5898.190980391037
152.8206296006885,776.2940162248365,18.885581986047367,24.44233476031847,71.99968026274462,5770.887405828501
165.19840129080757,803.1097888628976,17.52525633265595,28.21774545710314,36.8725155470846,5957.794869718626
169.04964000372297,786.8176575487724,18.007152433606855,18.699155562387126,3.9361879819729495,6009.536599379032
149.42253619469534,803.5428370656529,17.56668521389952,26.086376456626493,45.53949052479408,5849.93584245216
149.20405108930666,798.663769080115,19.45574933844421,17.105105101434958,10.745055262890812,5917.85966399766
153.28489022111754,809.4063806163697,16.670659133938155,12.204426243070984,90.95644273803012,5719.606746003894
150.49569462781466,809.6577518106452,18.03887321662593,23.19484151715504,75.14233175313026,5813.503331994432
150.1479611973431,801.1696681182201,16.48178186571044,22.54188044422301,55.76886911854528,5712.561007964176
136.3302915171634,814.878999950857,18.17235528910827,32.819668223896386,51.801534890851975,5689.247876149371
143.83995580413955,810.2990254217017,18.257920545284364,24.1178474594149,66.23179135395823,5767.472047335022
159.92956879436375,806.2262058721477,17.726924856569664,27.576044936810405,79.13107143126669,5926.281487391438
153.62131892393893,829.352211151889,18.832244452903304,25.360515967690983,51.83654633353206,5995.514909571412
139.7307444124293,784.3077690843547,19.132882136854075,36.6473046187825,57.08539362787616,5615.5258856280725
162.58819912916084,790.6054411296013,18.440025555504207,21.19428491386358,25.232274426374524,5985.565865383886
144.62310041591834,791.453297135249,16.73620205554796,20.601062817340026,57.9829576047725,5578.495832828051
145.68319820851747,789.9689093458956,17.687024602970265,26.07216830086285,91.01961241446963,5661.244552234439
153.2463411317734,816.5688431154507,18.31143011420093,24.32123168490556,75.66465493523988,5910.35111335104
164.82173976285603,798.320866551446,17.458166201907005,13.662104247423082,86.65956885955035,5978.154093505085
148.07291772602696,807.7502787811109,16.201066066393903,28.339318747202547,61.41862443190114,5627.17432405484
149.97035110328463,810.5796880036746,16.42785693558312,26.45729207890165,47.190251056452304,5766.097946569765
152.93823744949233,800.908305879878,17.21107781377126,17.757870112856708,61.13416562477262,5815.200161065123
156.18391602534982,820.5804274863095,17.191163887452703,11.699086963875612,52.53182644507214,5950.811984294269
155.82479842879857,800.4839871547342,17.804433540663677,31.010949122091624,9.355940691233556,5872.307339866308
145.73463610360787,823.0519026175253,15.818628094519624,18.296881229757982,30.096631963162167,5774.935346561376
151.78145419225964,784.7951869266723,18.75109431920463,12.84515276133174,89.33044937881228,5752.26860666371
143.49439523168508,801.2573015569692,18.66928121283349,16.76284329111362,68.34294151572705,5730.824652927711
144.4269591142553,816.5470601190344,17.660822259233722,28.444427325364007,89.55557408738851,5747.8709205011055
145.85639536662367,803.6492627543686,18.682276439422537,22.53104113262692,98.29468795547008,5827.879541500402
146.1670441281168,802.1933556120856,17.275411460362097,32.95477988525314,23.981995220659023,5657.784524531354
147.97753458257267,788.2074318375696,16.96484861452473,20.13399481822693,18.83025249171064,5720.302104112602
132.52033818893028,823.946121167247,18.326598487472392,26.27544418379329,70.40314525916568,5619.752895005742
152.75257938159322,812.5064270187862,17.157653123830716,34.92170361095371,28.12845635530341,5794.729730359272
154.36028838424278,818.4399772814813,17.79383380209685,30.27650224682442,42.13008816333647,5885.1509763411605
139.74756985120032,803.5495794689822,16.70498469563683,21.29414993839782,51.26152441031999,5634.483651456321
149.72736501324866,814.5444270819277,17.970494013772644,20.563771555245783,33.85068794254729,5796.213342740039
142.6155965226716,813.5282565538403,17.931980710734837,15.725621279855602,24.76316430714387,5758.290705288332
154.2338316043035,797.215753517349,16.909149875685014,37.28117317431735,29.391676050493377,5806.098209518983
155.4198193640974,787.8902726246113,18.50807646952861,25.839323397034764,41.11272782593792,5845.06978336373
156.6952466989524,806.6311407753334,16.822848278128795,27.84083139421137,94.76861770642796,5886.44632048969
161.86410974801453,794.9262315518923,17.70694135096697,18.53574353809145,83.88393367652704,5877.9052806684485
146.94304167285463,789.7612469520666,17.488100236616898,29.920949120532907,69.17776391419824,5687.39910237348
158.83598930134593,778.0297721048288,17.317109231771706,36.13301988876557,45.95629775055219,5788.158624472585
140.15521948381607,780.689177055563,17.90193933471413,21.824007325309772,37.698616728684165,5647.419186532348
160.7577848677444,815.270345627759,18.048343316763216,12.236635477891028,75.61922341067805,6027.904160392595
150.9400935484886,803.684981669316,18.594232615989483,44.4585578175684,99.93503004722002,5789.58661763512
157.17919884021117,792.5732926008749,17.658219786500368,23.321137945737963,54.48010852760984,5857.319735003852
153.30608747287428,789.1989347562147,19.05705395624043,16.867314981326267,73.95811772217426,5967.175995395895
155.61196695962454,799.7068960977559,15.389870399411029,24.6155334151077,30.891772284376607,5773.831012831432
151.41036095419346,794.9063846821548,17.61118168379255,25.941837765810604,70.086569724388,5769.974975181051
146.11600074455296,797.9433069864574,17.383095613594644,26.702506141969007,46.77206159711509,5717.625584738494
145.2531719494226,799.082244387146,17.880818452997246,27.608620387341347,42.68947278233026,5697.132341263098
163.43474503135735,798.7653907190295,16.31034179519381,19.730061536921568,90.95953911109444,5863.087725805687
143.79675136733786,809.4729127024614,18.443040455724017,22.50419843231585,42.07365625686168,5797.459533753669
144.678705162684,784.2561403644434,17.632225882699963,34.181171193180106,27.50988815591244,5620.928658394765
157.05853869895262,806.0102362830731,18.64939085704045,27.569900154251425,44.47127768583358,5930.189359926064
148.07305284430825,804.3676877781814,18.20262902200429,16.98711058540065,23.66097827075073,5858.692478524482
155.97305931468622,791.6551193439434,18.07789577859288,23.295069412427218,64.59278930230393,5819.298925023731
162.37786229603552,794.3969983743668,16.829102850969917,28.54253236750878,45.55667819901088,5899.4098436687045
155.11749598904754,791.7585764987516,17.533403940215,14.373588681471452,21.150674928176805,5856.819331544592
152.09388354036898,790.8216280701575,18.37013346850236,40.06933930950655,84.37287927102575,5668.569945880304
131.8023564068651,799.604379546498,16.943631325514545,26.72173512581025,73.52285181015961,5569.170050479142
149.2157177684554,780.0082591509046,18.65123235185069,16.00590423724959,56.685843329409465,5725.639758388144
148.18142019584158,806.5332202890688,18.842926295403405,16.979647366744416,87.71275618985017,5916.415644497325
150.5889901323156,788.0992569669597,19.175566227949933,31.410276002164096,81.28509715367578,5817.127798285312
159.45851947533112,797.2687063817576,18.24050697613608,26.354569138670527,88.65954415023984,5892.8323681179545
141.67038099160882,796.2839938136174,19.61495950584756,27.529276501219368,89.58157315601947,5695.981837437455
144.87518295187652,776.1029144182274,19.351251368613585,23.271766756467542,22.72610535596623,5677.933230658564
145.04795458135206,797.1431204346009,18.766766466805446,10.070035879522065,57.09070537521448,5784.549424005152
154.15604530600916,793.5433418551701,19.87761855528971,14.98840444673083,50.89590404220476,6017.388294805005
158.71083352677212,797.5440847781979,19.06813569187698,27.66518996374403,51.874784711470944,5929.590633864876
138.3514987929251,811.0779122194422,18.35758904979264,20.758644592075907,2.1009156986360744,5700.368896820742
144.9567490773135,814.4781766959475,18.38817694231668,22.768852706328005,68.47251638810046,5857.532242656083
150.1479611973431,810.579816636437,19.484744330082787,31.216525906277536,9.914611227762393,5821.316249618468
157.15685672246957,792.8297976117177,17.39640573061565,37.29887257471556,95.7971066482454,5793.411112831635
141.29503905469295,807.1838749307004,18.480196651208296,19.10623579447192,10.662361893659789,5801.561068093965
171.17875118074636,803.7571706624248,17.37505717384047,25.89618089362713,19.71829819680663,6074.44668977015
153.14723221109475,801.0305784026664,16.890609426295462,16.769541224418965,8.421301117709834,5788.590869804849
155.02512068368586,808.4366211969545,17.01005780836905,17.96659747938016,76.23612137071729,5857.2130331560165
162.87701728734928,785.7587863115069,18.18744992203532,34.791141394534655,87.98377479414678,5871.774841919892
132.9849515166718,802.0093393016111,16.772350439649664,25.84589619767236,10.621382758845622,5499.203860557248
161.96258545500473,798.9084301425783,18.17550354995094,21.99158711868618,47.51083649318354,5955.102422692446
150.60980004285474,803.1366374504202,17.64894941760831,30.334222733679358,32.28097934478503,5837.219371435163
155.20471569242693,793.0885920847476,17.83206454504001,20.307979044933777,87.35342642452146,5863.42344844387
162.5353111559293,817.1174204735034,16.806318450434706,28.068997452171168,69.66889878731969,5925.03632405053
153.09199469098488,801.3323477265727,19.176999035292464,27.695312327710205,3.9922532563751214,5904.167373343701
151.82816094054544,802.9651058262275,17.923430238168077,25.20828249251537,44.80854872830765,5822.804009464697
154.05287390278707,788.5928059357219,16.957562598748797,29.969378141107736,66.6407304694919,5748.4121429199295
141.13016047764182,798.3682777819238,17.42959761254823,32.49771343178,2.7106652336233106,5633.25315125397
132.93599838728093,795.928249028857,18.55292523873049,30.2338922801707,99.1624342961228,5557.186779786071
145.4552043455676,803.2044992850064,19.120738947942677,20.656058009544346,7.862671098975804,5828.254314685464
158.25907574965134,812.8851773399016,17.87243479592301,25.11040978470063,93.2566708705961,5889.057010927052
152.197823688104,776.1148490452447,18.45796339096861,22.703096862322187,80.08180998597503,5770.981425446519
159.34570521868633,792.3087523044654,18.5742895600376,17.931754795741718,89.11400917935094,5855.254629768434
151.99134949498847,823.0353956861404,17.269314767702067,17.2770185884945,19.495827149863054,5878.954737909582
142.9116310230684,802.0485194654871,19.371450403295373,21.788099724594048,2.464440463632267,5863.442860793567
157.92858554368078,811.350531795307,19.501513652239957,18.073823990602094,69.17201141346888,6010.205501240988
155.85659044667156,814.7429549745245,18.77783876156712,20.95039588725669,44.63263599865612,6068.189745663844
154.0600063242497,798.4743214876327,18.18527373482672,25.62062877584864,36.15401877629566,5817.498908285498
128.4394977933414,811.0585616958632,17.41323069933737,20.601802026856063,64.86829533573645,5551.291118342431
147.45243280444586,821.522111889547,19.359798442739624,23.109479612835347,6.728461292151455,5918.857952167022
152.06155615834658,788.9955449210349,17.832938315789534,30.05190217271276,16.80200521926786,5849.850232482297
156.11706349380694,806.8305790725449,19.40758023233947,14.28174720787188,79.51102825267246,5996.0749558741445
145.3723736343468,802.1968096964354,17.815865168165836,31.2302731061159,6.194651857898792,5731.758190285117
153.10518305775912,791.9191673523566,17.532692674869104,23.63514244027955,28.613504245831432,5804.111919724945
156.18840885901216,811.6622637956845,17.81852362552984,34.93244267852977,70.08084180017403,5886.425698275155
133.22623507548627,800.7435969611961,17.05397537494928,26.374448129234217,1.74982139873886,5567.470798307426
151.61180644945392,797.5195275956725,19.169330787497,30.148085171812877,27.17175988981797,5827.19087138213
150.0842180921912,796.4878662083877,18.032444796613625,29.32681217527349,53.75401436403463,5840.006453097764
144.43329135405222,797.8095435345887,18.334879719939035,26.866659946859173,12.680179912676005,5750.579142576706
151.5345190105524,793.8551705170413,17.093757551573187,17.470463991986243,89.39335106699905,5798.839109931078
155.1260549432199,791.599574516879,19.27343799920083,9.806523488681888,69.33775385188524,5946.223092046361
155.3304766685687,800.6618971061139,17.247201075050036,22.518366799470133,97.24613900279022,5833.805967619788
162.99692147162585,809.9366447423079,18.001145201594113,27.91621773650582,48.34980851068038,6012.75415187124
159.04293349185457,809.0772059211232,19.705450788116707,27.69684347699384,0.9087034951216322,6048.723729769625
150.79894823113435,799.2052260205039,18.3104075263722,14.092124647677071,32.61702541282535,5875.331244653001
157.86082129772518,818.8945858854512,17.20976890218108,17.46918776815963,45.83634794263062,5949.363639484833
135.92531412843596,797.1190318788185,17.51954063095116,35.21903565950822,91.5814348190744,5485.988592610725
156.2463166846596,813.8499370066785,18.252584318169447,35.69079345262636,5.0175350319974,5933.95439424122
145.87053953129927,804.7734622838209,16.84032319538155,26.85999389899333,75.64510879889119,5733.819943985607
153.899644939104,825.0020374393218,17.698170658081576,25.65645083099782,59.7808013401514,5971.527349197453
162.6144412540112,806.4301356455721,16.714963228448642,14.875933917335738,6.409471103617548,5964.40949414889
168.91993155738643,797.5040986019303,17.9535476756996,24.73064181926478,46.39362634548909,6018.057806669033
151.46247923768067,784.3898761532427,18.830791220425898,24.098077238368766,85.15814000172374,5738.96606957977
150.45861602813596,800.7531961668542,17.579108179927943,15.743190908742124,29.48172383467669,5853.89215508539
154.14830282271186,828.8786825674024,17.320028010344785,21.63635417891614,3.437685835172521,5896.487373011278
163.706854677927,810.5484142709067,19.47645239967904,22.7765034255953,16.653851349727,6149.32276445808
150.3900910649341,782.2987959533385,17.71966458147399,34.566654350495185,89.08321482896335,5612.989059896348
149.05733707357095,813.3245943781831,18.196903962929,38.628698472536776,68.72343434606829,5829.469750296868
160.42667875780592,818.5655534938985,18.842543020592437,19.713589980032246,43.95629417728987,6079.582883429429
145.9426023077578,827.672294643504,18.929915148242703,10.073148060789524,69.49701331214759,6008.36824481359
150.9128929133122,804.8431927333818,18.17465706751601,22.668875348901945,26.240837648930192,5840.769506252453
143.20615807039763,793.1912304346956,18.47563243531215,16.805055067507368,32.099704564089784,5751.706874205954
152.66788908097988,793.234414556032,17.469613333751273,31.731147137382827,13.945023620516018,5783.568292695146
165.52330996696267,806.8017903461945,17.144410302084523,17.241150737448113,53.83631021010228,5977.586999227209
150.2330602355537,811.9436792384445,17.65835181117016,19.039847802508294,21.076309942990623,5827.248745648766
157.66443538032632,792.5449806158877,17.221705033264577,19.859367437039243,24.974417922935523,5872.435652649285
144.5466064638757,797.4860265027669,18.34910758220059,19.206011178860752,36.0059901930726,5694.252055656432
155.36094999824672,809.9336605840833,17.570514183808573,34.13943173027355,70.96713435045244,5872.76754250356
151.53579308357683,793.1085916594126,18.63522206452001,28.28991776532699,82.26574684804274,5754.607611143662
140.38177975039125,799.3604313529272,17.055368094121913,20.46525099904982,27.556677630917846,5706.0891279605175
151.53709047164637,810.8246936905849,18.229255838170943,11.937609721342872,92.87634212054924,5941.724385508468
159.08017448899597,798.9950805664238,16.004974817730957,24.05107693376608,81.96770027804591,5797.745940201718
146.44004611424452,791.0847136474482,18.0032067312673,25.738469209937087,9.135324272355582,5753.166578023433
144.07568216491154,809.808625306102,19.064979133958246,12.700352328535132,48.20173397769325,5809.224091748435
159.61084636746023,790.2543932870021,19.777416916603197,27.08025986562952,4.876631881314042,5967.787081482418
167.08054857285197,791.7059503614591,18.08140280333319,20.45941613790444,18.82321997690456,6044.072633047209
150.1479611973431,788.4026179463665,16.545447872572066,14.343929475709588,57.931340278846086,5752.22420617114
134.25370358646632,792.3500152192058,17.10709205394658,16.617290889322053,50.49114512501392,5574.871825188391
150.1479611973431,778.0723211134721,18.63530457281289,27.85100647897229,45.79002951270714,5646.64522456228
150.1479611973431,802.6556401916338,17.939021231746928,15.330595845383034,68.44353610693075,5733.436108382339
155.61247295375756,788.1772383398634,18.796993475446133,24.67657090596557,57.11991839629137,5836.487448248324
146.1954743739575,783.1977702419977,17.04614813300009,25.956775040824773,25.83004291275922,5642.180502668187
159.53524161523094,784.5757456189241,18.473310661071945,22.24545813868605,50.46372879774349,5877.102065554547
152.1375161891678,794.5737714181723,19.953716386588063,14.009906516763843,26.814322961192083,5969.556485746057
162.76061905585985,787.3046390987406,19.80892976009436,32.42592254507199,22.047048099936983,5958.929640329802
149.6902663990435,794.0578571359115,18.34926682834185,31.07582445786443,26.96300087671828,5776.440222268779
153.034181332024,807.7361938900692,17.95676336696382,21.663287519435315,80.51192087546649,5923.071443085019
146.05639602253325,808.5658556881966,18.80835306405957,26.90471956750105,9.957971354002892,5880.414901667506
138.90443397606998,808.2007963378513,16.99403779229623,15.171825655383898,50.28755200655849,5685.378814137551
144.2221030373894,808.0766879343705,18.59109678684123,24.433247713347985,14.795833410940585,5770.488442326614
153.87975002906012,797.2244836879516,17.78100160607876,28.5480954505504,89.24690939520117,5801.840027259756
153.95870597719315,795.2674306821185,18.43441638438448,32.168577171261624,23.287914615181503,5816.283357771512
162.1421816654948,779.9980171428617,18.58615565209786,22.95455273592352,41.11134169948486,5913.325701077365
138.0828455995743,794.8350539297414,17.155221213183093,30.32502380448436,15.720388355695423,5508.5197543045415
166.95995542177874,805.9750864774509,18.99495182129037,21.355873400726733,56.826861626876834,6095.632574190373
148.41686925985135,801.6696498470938,18.70378312814912,27.333872376113103,67.66172335525064,5812.707527780998
143.1918893345644,802.0352951095487,18.007152433606855,19.12167265169916,8.857833963664408,5749.350175846278
147.95102505801722,795.949024702074,17.782078793135373,27.55506195177897,47.44349141471741,5754.238866183592
136.60532573622157,820.9189079958742,18.39908976592925,23.812373626091908,66.2232158329593,5730.831105552849
152.5615887718933,804.656810127368,19.380597630154984,12.366118348958054,13.566146716037776,6057.607068540036
146.7729498997223,808.1323048570929,18.987156198049256,19.816702236461403,20.909736458961422,5867.016553218931
141.18655474095704,810.1933143266257,17.828627902325714,18.377981028817786,86.29596233130185,5769.25182808009
157.97194827208568,799.5868331747407,18.285450641630288,29.55827377290501,46.85569945911347,5881.457246681632
147.7827817525213,809.5512557207932,17.977625456669475,28.13350381610667,31.02352837447048,5790.826649970354
134.20851289808888,797.8834253515269,17.48309169799152,18.029296936525817,13.36956543994362,5627.536987350668
157.01552634537293,818.0752025167268,18.652002534108867,30.62749322506393,61.5069754014698,5987.186137730911
132.86572097311696,798.5277654151535,17.666156476071954,27.544401169110703,65.22811128184462,5556.362910480716
159.00519619701592,809.4657877938566,17.54448168097072,21.203469820689765,35.45482088286074,5937.138890244037
152.7460391265116,810.0336767360568,18.055121598067977,16.123334661161657,78.14620887547092,5816.50066675334
138.29485197001114,810.3517582337913,18.816608492630813,21.908689637150545,73.59204063739489,5725.124006351943
145.6979895411283,803.8919941019365,18.367468094654743,31.39103179428632,25.715235110909585,5791.006223548071
149.5101063196114,800.8436598446777,18.384080017213613,25.276016483519644,30.32197838442505,5776.264007474925
159.21410152110656,795.1442128664102,18.65827269188003,33.31809638357706,38.50580557189617,5940.082431252564
155.72977838241442,828.7441564264066,18.857163315097317,22.413246582549405,42.29435437415577,6004.567103738157
145.36054693042328,801.891620068368,18.007152433606855,35.77816493756178,27.34745153749798,5725.30181298034
128.1825184769255,809.3308822942006,18.52468494079555,24.14712077835672,89.09738846907038,5609.699346987064
148.71877635272318,797.7392213730357,16.214071834117906,15.592843447807264,76.00349018031739,5766.27464874789
145.4434662169927,814.3162555703185,18.474700854787788,25.11291429844359,54.54279502117131,5795.127767329695
153.97074797745142,782.5674432997828,19.304206050942703,23.015264654034656,48.05599408362681,5849.3528372235305
147.3494337216273,786.3735532519794,19.471569143920423,18.8730252546382,18.06575413113032,5719.991651207365
141.97836985402915,772.2565965649034,16.94411494090982,21.36097967070556,70.109758736427,5554.95114181066
139.46206642895558,807.4655680833503,18.137643441442048,21.85259791739769,82.30035744469347,5718.924011283486
146.5821804685964,812.7498745786587,18.36970123588453,32.98803437193042,35.24810469433511,5840.051429067654
148.19210036309727,796.1299613080728,18.00050156091377,32.20318995084324,90.88264977168625,5700.329408250405
144.84006111440667,801.3675733553077,17.509391838306808,28.98821647199866,41.73829418004733,5686.895355519296
166.54398335404704,795.4399614037042,19.16753147736461,30.976709289466772,23.43250656505268,5981.101341470713
147.59936043920132,788.6470025262977,17.532945623649557,25.20664607023505,57.761308063713365,5698.454598738561
140.7025125861678,819.6719927230341,16.80442033485843,33.70600862878801,24.465505460471302,5676.800050019852
153.39718702868737,827.0812517103659,17.035660517763525,14.489027159489686,66.13426789447244,5933.607841420127
164.52968839751344,802.5950236208773,17.820335628761818,26.37397835475604,28.255026751863888,5982.068999486087
150.1479611973431,799.8987791372493,17.825963212215633,27.1699663674821,23.82896705530916,5757.021787552148
142.26478935852586,806.5086406081815,17.777312589699495,20.170201114884637,64.39079570677647,5684.77164242944
158.0252354060281,801.6502087749434,18.845864005343795,33.39756787087476,96.66222208961076,5907.168030887716
133.9343174099298,785.2233142155087,18.4389578485893,34.020518970573995,97.74565631838423,5576.587622766434
152.00268366792577,799.4295296681678,16.45105041847062,17.32581558268128,85.3284798567202,5690.487620473613
156.23428845368932,804.3808539810351,18.03604094367522,25.791567800631743,46.72609960075026,5862.511574221934
151.71894738688914,786.394001140674,18.372795168819827,22.94470479485341,76.65959447120517,5809.797051986404
152.05242771693952,807.0823672259924,17.3055915380703,31.05683073157581,14.306195272340238,5862.896568195294
171.66450439361174,815.2476098513089,17.57092349764836,13.1864611455035,7.069660818436619,6206.334656493999
165.1978224774723,806.8994479774021,18.307854176810483,22.52667552985318,13.247065634192657,6025.988820242448
140.73722514073435,799.1360071131579,17.993804750532014,27.37491868657554,75.89768318540307,5706.227880064542
145.752951886771,799.3266649666577,20.558381980781476,15.39837337297774,82.99395932124433,5790.935971893986
151.5212012980088,810.5769074739526,17.27963203455679,37.25245624086247,53.47994662811925,5813.085456130221
155.85120053831474,803.1444953741621,18.718949245987638,32.65234442799409,76.21296204503246,5889.076317050307
139.49235922099885,807.4518748486001,17.119636606595055,23.55600895281872,44.26937019674359,5551.187349839153
150.21472934323515,812.8968491589509,18.530232538792585,26.008358835800923,5.662555737755803,5878.956346033379
141.70344966114976,805.7269253165155,18.618579429732478,31.445908076293367,4.900464497127355,5756.968931785373
150.04208374816744,810.1712371891975,16.52392917228474,24.222896518819358,42.55056592718428,5752.83220429106
156.15022637016443,798.057946700681,17.635227291645265,26.299749852427716,48.41730321634075,5884.211281906923
137.49558518019847,813.6271258164536,16.810226227807537,27.205719041258263,8.257215803527718,5700.551915409706
154.68918471631105,811.7222305806332,19.0788391398238,31.701002653179724,62.31378537478254,5984.616942513353
142.55747417539072,787.5722464904919,16.92565598644038,18.692140530163933,31.5668481164066,5639.772685683402
134.6324074649699,803.43900988352,17.3848352846466,29.544970896024918,2.184671198620181,5584.683601879942
157.8219881882712,800.35524605463,18.84568849056855,30.169816746987664,80.01375827520759,5900.791703177274
142.6373819027335,809.9349252862448,17.477936739134243,29.86479187355026,62.6802630064844,5741.983596766772
136.77894678428018,819.1692987486908,19.892889585509717,22.832136628196256,83.49737856829623,5719.2444431438535
145.51531591556235,775.8833680392441,18.474870917553357,26.68605550169084,1.6912799921607324,5649.732281042626
150.96560436463128,790.0270054021195,20.95442262820509,31.3682257892388,34.206943465755536,5901.867838234839
154.2241909745229,797.8205166751568,19.379844157747208,25.86152761903096,4.0333852138451975,5944.302061466549
145.37089843439017,818.8150665487814,17.290750570786773,22.01457496968876,1.66715505996331,5837.256021087786
155.00298827496712,791.2556003538185,17.833214251775747,24.475388027336912,66.59471660804643,5815.588262165773
153.33299948120867,782.7295583271398,18.87556760632824,13.852591291610278,27.90082903477966,5814.881557599775
155.763550307536,814.5955504347829,18.591575662705257,24.86632612489772,47.45335626224407,5978.729497919917
158.53895374124252,773.7714499654855,18.80600933809502,32.55539943872079,70.32772277324516,5761.580446387478
162.65804094201494,805.2951531821766,19.174324185715907,35.21508794877764,76.63472131046524,5926.535933787953
143.44155204747798,805.2033942424328,18.41131183409266,26.878792840078933,24.317998026422597,5793.528956071031
137.5254259335728,808.9999718320736,18.007152433606855,20.263968965681958,98.80139620654217,5649.766424843257
137.8312351972319,791.8460334975416,18.26660458426563,20.107746230103277,74.16841289918231,5580.743287020459
145.770875270319,813.7449420929133,17.255422617692922,22.673800501548637,83.43247957493986,5781.564428963571
155.51140507687123,792.7699384789107,18.250312854564505,18.15394894148357,76.77646177143377,5884.6841058825
156.37523825972343,799.3809632379995,18.18900073945667,33.61801243423587,31.645713087441617,5863.569890048143
138.66178110171313,800.5423467806153,17.09138544202289,19.28610171556722,16.61849996097492,5677.956910421687
152.69061228607904,803.2584930470496,17.715307184393552,26.9247143555961,59.63464974967759,5876.373684436186
147.0138386475816,792.7849713528595,16.665069645536605,26.09500618359528,24.581858702257463,5670.05306611543
152.04285542525176,807.6934722406208,17.405606576878597,17.238954248775425,85.86001069824982,5801.6061511151
146.69795551637958,798.2403217394007,19.457041324420675,36.719554825159406,84.1622007542774,5728.205211474036
147.5391695056659,795.2479217132784,19.14369021531037,28.31824051511415,13.128797200482422,5866.01971334548
143.34609764818907,804.2394835197703,17.476989992982997,23.88492548684352,18.40447720502135,5697.785016134059
158.28178981983484,787.0139231236158,16.816568492375936,24.70582395497178,7.696918300801736,5830.4369975465215
162.16306798822268,796.4298509314871,16.628337924673136,13.197581778477089,67.6398368910006,5836.609266977466
141.47995568648855,804.2308580721989,18.227434275508607,22.742195650450025,29.265509766740784,5710.876936472169
170.12853879224647,797.996672959144,18.568854670083816,29.15713453490687,50.0619532333931,6050.120232381748
155.87622406637792,810.4425601866692,19.456762016231508,32.98344942423424,54.97172551633111,5868.120873363022
156.7642576110081,794.5193019269094,17.699730786774303,35.908371535346944,89.92489182892025,5783.959163925212
152.1071247134032,788.3041251474755,17.68161910788712,22.252909682905063,62.96835952592029,5816.034717608867
163.40350594005173,797.2395284993627,17.875101034111914,28.44246652602648,25.810764317341476,6026.103357530705
152.77846990887892,797.486084299893,17.17512190471745,13.959533532965484,43.804407590538375,5731.885699423918
133.64230783283466,809.4374613374598,17.57232019839116,23.508828291553304,20.17949482524569,5637.002046592574
148.47202662205677,768.3811769110062,17.869496801020574,23.002837573704934,1.602815645512312,5774.514956468427
152.5587692648716,787.0117454107411,19.00693956484429,21.88362176904324,97.4904272810235,5844.559201979284
142.72585330006467,799.7820204319138,18.404592845883386,29.27627217316799,85.7857783517489,5613.104210640545
149.07554015104446,793.5561897071676,18.82569826116981,26.051720673603544,14.551548278735916,5749.049610139329
156.83366377015915,790.8137485507992,17.239963363822238,32.437504038649365,18.410132336095696,5777.636781510497
148.20848369744,799.7222007579289,18.007152433606855,17.90875524747519,26.084924596208893,5803.200454008828
145.49935091359157,798.689439350399,17.149683649837225,20.631537412868077,53.72756736680381,5761.286965022554
146.2959611697258,811.0561293124446,19.58977948578361,27.61585233700028,32.937926930207574,5833.933257437961
153.17116203516832,804.8892695913604,18.007152433606855,13.71993979655342,46.94068419892581,5948.321181524703
147.4551821467445,813.0172921137789,18.83066972167709,26.22633418961786,85.20484158046929,5934.318290102412
148.67261859298875,812.3008292657864,16.87005870177604,20.622385181155543,88.52388787075652,5793.571022317539
142.91879800371308,805.7009611829238,18.927025883377475,29.0736819265734,44.90377603699617,5744.807738735364
165.44602953735287,789.4180524483282,17.824700910226944,20.254603709994683,16.65035470495151,5981.575298689218
140.89486316393038,812.7512992741304,18.37094160743245,24.43967884660031,96.36851886870492,5761.655379896608
155.4493354513082,798.307584816176,17.356313580281128,25.18018887498449,53.82201018684752,5831.961867730373
144.55349739495617,806.3157121789566,17.61331550271956,26.1082628486865,33.581636464153455,5771.139476196468
136.72734838010916,804.5931699817116,17.8278370354428,29.171217400503995,13.443342736955,5732.504455788648
156.43440223472726,800.1729274281543,19.415370266671975,27.82026512420921,74.23699370897819,5868.234931618667
159.4054317634586,802.2321994185361,15.565783024144457,31.29224275849938,33.21725220617326,5842.272772166866
157.89479889868124,782.0894684835682,18.47669359935917,35.84317986182731,19.90934199359257,5835.826269150407
150.7910739942243,792.1366848872939,18.332310023339517,17.696303846677125,41.56277820291552,5828.395692596009
139.62292505582258,803.6727705775804,17.87882833564134,28.619485003428363,40.49685873761885,5706.563371216171
154.4652691587125,794.0588891516777,18.89069163074523,22.173252089092728,10.616035354746725,5868.132481952385
141.28267271485393,800.2361145017703,17.343986000299555,22.518306006222144,57.73534012196677,5687.431142466056
143.98444577127802,808.6542319081897,17.44461315587566,16.13845043480859,34.15703870315679,5785.39355373221
145.25208291389842,791.6370616391573,18.983486867987565,25.834362391920507,24.16589208191852,5776.494089069601
161.85216468314917,800.9943455619333,17.75408831964866,27.17869376646714,87.36780345607488,5949.233449223344
166.1696878439019,798.4631385777801,18.072157504520284,35.174337266865194,69.16434019733182,5933.372538124462
139.81989564947338,787.8313465354632,16.47914122044731,20.75424463106784,22.83312523686109,5601.559187568201
152.13883539666452,798.0789027504491,17.787957858096934,27.59357770380493,44.45735010694285,5844.025514003711
165.71449895106915,793.8818385487533,18.919775427506217,21.236119324292183,64.63099336573814,6005.895862921812
145.25217991382448,768.1178894325737,18.052187405449857,24.03783951373101,67.07650254430358,5660.563387997928
152.66721106811917,793.0562540132443,18.783843351434253,16.769957816617204,5.622429485097225,5925.853550085685
168.68780221973017,800.6846463333125,19.16239043829769,17.662629882666614,12.985701341788102,6029.945081944086
151.42527901975524,782.3177695577984,18.18022085922988,15.78975851480584,29.08768542315825,5793.7349918885
148.19680264790304,784.9419419686802,17.952305613810342,26.16431166163525,27.4212889124147,5712.292423339677
150.1479611973431,793.9091535240754,19.40308770481236,30.873337351340677,51.727216975431055,5792.18460206353
147.62433940168725,804.3490244599683,18.13621904397514,12.227595433511128,71.59846935417241,5772.394221640499
155.17128354124503,806.6592089029579,18.80664700520599,30.00850795794929,96.6734227535108,5887.105237110619
137.18894190189826,804.5489870919065,18.236843165859643,24.157749646567986,62.67533485423312,5572.961626708947
147.68091266907803,800.2092308146878,17.65181833065035,27.885448556493373,54.29404444893278,5764.497887777474
153.65263389364347,792.1743684010817,15.525996836204222,32.120407721063984,25.8792408364524,5712.864313869487
156.7525683512543,806.063755152841,18.13419428308309,29.15714550542462,40.64627179520722,5884.3671280568
143.68102603919303,803.1870782337403,17.73970657226216,16.462150448429963,62.29540441833817,5768.791426657163
149.40061804883393,797.5065720350331,17.746680287227306,30.362186136334664,87.7749404862625,5774.468442197196
151.5727453298038,798.8089462015531,16.558684988161904,34.68867274425911,4.986014639916425,5745.736208270288
135.145820311531,812.0851096787164,18.45855349284875,17.956720213546163,68.25117301162001,5705.657896658624
151.61764581069025,809.9549164061074,17.694819372187983,25.58602226049001,48.58856061896132,5826.148009940258
141.94799204022829,796.122583563088,19.60076356477308,20.030822362208596,81.59557894152066,5724.322212558196
153.16085864477049,807.3579820822083,19.662104708995148,25.873127186609445,86.7702097919239,5931.860399789518
136.3256898875265,780.3703230422524,17.11993792651754,36.1462140612264,65.55099718461126,5480.825715591643
153.6846414489425,802.4779519468336,16.949021163208947,26.11849701846428,35.60672991191448,5756.28916536502
144.11305047279046,810.6990581964235,16.226787046207413,29.676094023431997,78.35015025879089,5653.34311731907
156.07757995336223,818.6915973751824,17.340022525465393,28.661297017535336,60.07921493396191,5825.617826218359
157.8514345135491,792.0256793521819,18.83821640920724,35.00334466930682,46.03553731348269,5925.974764951719
154.29557908502707,817.6990062017971,17.901907977858404,24.336007788656023,29.992939747306625,5928.748037724188
146.0688792131231,767.5730096332098,17.56556342766755,28.624725337531107,57.875647635999925,5594.966873130755
164.4419561177313,821.0886894773369,18.022707891120707,33.113216073202864,23.503129881191864,6076.722300607604
142.95443011277,800.9561971018147,17.939651654115412,22.62262193138944,10.56503454489307,5802.439219887488
153.89766570412755,805.0342307468052,18.56222342705431,33.96962936471942,37.72017824576387,5887.496839719056
139.01011592781586,799.0775281438215,17.382723034494145,23.039822720881816,86.37896229650033,5536.476940168994
150.99003304898892,796.4182537888523,18.77082672676701,23.665150619330408,81.16270144448535,5824.152056778211
138.22472090956848,812.5848480752244,18.25655449047185,32.74386676553528,12.711049086702396,5655.866063618616
150.1479611973431,810.6038878151327,19.182445601699943,24.633976168867697,43.91306608048505,5793.427154519031
145.74005900893232,793.7599349049808,17.110318943949885,30.700094972017872,68.02506883303741,5759.416713927363
144.64521165612737,798.1109506899733,18.007152433606855,21.989294843130807,65.01871664456533,5703.6626103035005
147.00747149347995,807.8749151702433,17.43726184213055,23.9113055845149,26.51707411833556,5804.226807913898
138.41657313688094,810.370951014756,17.180363024159035,34.5434924357071,32.07335823115712,5665.611656919331
152.812651680646,814.4493283123267,17.78111932150452,20.10269653274821,97.64565294354102,5872.92384614237
154.08795747928244,815.5328453461046,17.358580638774338,13.553154652735651,48.50179875240413,5897.543207353973
154.27422181220484,799.8300606741798,18.007152433606855,18.08000558076553,67.68722758275764,5777.193266249128
147.950433394451,807.1959128156668,18.68548437986984,17.292494405800184,4.930898710982468,5897.757457989223
147.9629216294111,799.5888915527627,17.77057742642276,17.629337012405422,50.60446924118366,5754.002834029885
158.6714719860825,779.6799748448933,17.85670417401164,22.310652302199102,36.121605897581176,5853.57494240968
149.4841510294418,803.4280464398485,17.12961768029282,22.13412650437597,64.6407375228089,5802.491504161618
168.02744980041612,787.2755661374925,18.51976315941645,29.437918910348028,6.379455625359787,6062.080070057731
145.43070789531498,786.3519995015781,18.82569686287205,29.02918703037432,87.23945633548149,5680.67833115715
155.25561593573778,801.5638373407144,18.449950472970883,33.98459009907776,12.525123109620797,5897.191092299352
156.4777062888004,825.4294625557573,18.234179539510404,27.735425171024215,41.0731543491012,5928.788446357709
142.945593310694,815.4512253784251,17.660426848330093,28.13285527560361,8.322306620807229,5712.060238611426
140.52732285781445,800.421838607667,19.71048562243531,26.142543339550347,42.17126175259164,5752.849184431665
154.7123562905612,791.7315806426484,17.852503903616487,27.16388734861477,30.50996868195266,5829.12789980965
157.5540038242608,809.2521714738591,19.43559718373498,26.788950795943155,99.87929358156543,6005.831949225847
143.17737106011134,792.5841959645621,18.99935023683677,27.03131725771549,43.18070951077773,5723.547334820862
141.25724043603415,817.912195086551,18.63921817416848,14.612792179330448,97.66176373150093,5765.087205713443
159.53125248890555,789.5733771286118,16.962884167667653,24.98557695448688,39.44793908388575,5780.431647362736
138.37674053801055,804.7082420050613,16.8227045248892,28.31044479946552,5.274395216221739,5600.375211688291
150.8759207739043,799.7461645084824,16.701219083862767,17.452791064546673,26.610136853730857,5768.444918274235
146.32585135224917,798.1336036137088,18.093164162562,30.69756742818693,1.3281203458580082,5795.313768037195
154.43522965952474,822.2676310585663,18.77254492741058,36.61092424036137,72.53263907358782,5973.089370045957
153.39842586868838,795.6912373141923,18.006710000696767,28.01670656137117,68.77692063657348,5823.890795712762
155.83510092495345,807.1618930040456,16.99627023937776,29.61303805581338,23.568253457588494,5842.757354252029
145.05674358196825,806.8100494973077,18.199176444510893,21.941159840854706,44.90785141348759,5745.693137315059
154.12254845414864,816.7992921499877,18.081598355978663,20.226657592354705,92.8555532894136,5894.240933613052
143.39725807430608,798.4505551274776,19.06916304519403,31.42366335987512,81.66552432016235,5683.065820332358
152.807680752741,799.3052162803153,18.144170092636305,29.65616748306085,58.20701311242236,5867.33182387502
150.1479611973431,788.6315262499459,17.781690350953564,32.677112018560955,31.16529166546489,5715.7862881508045
149.66950006619706,797.8365180880852,16.27042686447891,37.09165066276384,59.35752544142979,5637.99246189052
158.6333459286376,805.4299771446391,19.03643140392667,33.71570047291708,71.93881555748203,5892.390465262602
162.1799402630649,828.3960120709175,17.344758614639034,23.71925932389737,27.913047077426967,6058.53433387587
156.46713530569636,789.2146102465917,18.250819077266986,33.17537711627471,53.56889704560298,5842.009224356983
143.00578083930478,795.9259909861751,17.807168394474125,19.49123809950055,62.83471175494444,5666.273762973532
167.64465985514744,791.079212295536,16.849386667183257,17.3172665739852,47.698339261765376,6001.18925449347
147.40533411660996,796.7260585709585,17.553459959628473,29.41373198347448,98.37115832091516,5669.707648005952
137.4449278432894,804.1858143723143,18.080948977152207,28.22577941769928,54.62476001308509,5664.558177521488
153.3599201795301,799.7844423746461,18.53473681716564,12.889072813668172,37.83156071652595,5939.005500139439
139.46309479893853,803.4193609884956,18.94674198505048,27.274918712356744,97.89473558546618,5669.697645898113
144.7513999296117,810.7609749258468,17.422518502357974,24.100355685525344,10.948236606899398,5654.891459595709
134.6033824899572,782.6557409885594,18.815528560823832,26.34603794066849,57.27702766869458,5571.843022723798
165.2169086614002,806.4339282226707,17.137631628860426,27.448317081020534,79.55783762575864,5983.65995767912
151.67450572318725,795.564038339678,17.27167624160582,24.61489503226709,71.03515007123322,5708.580452471559
145.63397555516536,786.7256980114095,18.649162543170515,22.272713687539333,10.671181910235427,5757.983227492791
160.46489843180194,795.2090145288297,17.749724194721864,24.49769224090473,79.85558381305991,5864.962216073291
141.96856312799656,792.7397599172856,17.557484709337746,32.517055806564905,17.396370590333866,5731.55587762416
144.38726963897813,807.8621727039318,17.798401478593906,29.50659672704386,79.39550847155907,5801.6734097265735
151.84428112529974,799.6969196114397,17.490988610100317,21.844721944628777,3.0353805533004263,5837.525118383636
148.23887181202406,797.6899028842748,17.84890705011995,23.13815376769058,92.65853832183812,5754.42702635213
144.42893193748196,805.4837350677384,17.374789335378505,23.26870782474577,91.28008004078616,5616.432583326346
145.67303617156733,793.2765643546629,17.95378026600807,31.161917579918395,21.745293221723596,5642.85059581808
145.6359798007948,806.2771570665101,18.64794946242699,7.423307859986391,63.89630219732846,5858.698503292828
147.9213641140343,801.8799051468004,18.646205300177925,28.99250094215067,33.4878290136985,5802.071273221622
145.26250069006312,818.2036062760225,18.59805310501072,26.932493864601916,81.60567571143235,5811.963335661332
156.25821262006758,804.5182803870823,18.189819912032775,18.702067006540357,95.02792236114072,5858.707050560143
139.26421601084505,804.4365362644543,17.522173967976222,29.17241484730179,80.7957328109019,5641.696003696492
146.1386843831783,802.0499513951005,18.007152433606855,16.684072345606012,85.8322938878858,5763.845123349975
139.46908156376517,798.1260788725909,18.4401241036122,28.127679430082885,28.14773024509194,5782.94223191711
150.10700557015517,781.2081793624312,16.472722024237843,16.199288856305937,45.68880717372669,5740.488146131412
149.62482708539426,812.499157783571,17.822448649746114,23.32004018875312,41.79840855069136,5840.762725400362
158.49208055982686,797.0193098082452,19.74092919130524,17.413009558270204,56.58517874106719,6019.253054848569
145.80256503742544,788.7919891777196,15.865455132714626,31.87864522240437,83.44582528560966,5488.10032591767
159.57283768023532,787.8753283121343,17.35807732479647,30.288445173541422,96.07463027713554,5809.3129828232
150.57447115946786,802.1317451930394,18.63299687586375,25.477587174256215,73.31603781367996,5852.986470476333
155.55376442053114,779.1114755949762,16.559189578050248,20.74126604659879,41.89236247929187,5763.987647976738
150.1479611973431,795.0795670117742,16.939301782048773,27.40288831903797,46.032905064276505,5734.378574168859
154.80572896523267,791.0134009288697,17.50006453630845,11.82323307340032,76.97314182968802,5777.062704544491
135.80392623841774,819.2691982151342,18.78800109983516,21.49840404192397,76.87471313625129,5779.7402902057165
152.53320855798165,805.6954743597545,19.85644956206277,30.97348908401218,96.54486346006212,5946.352636551675
161.96135424667867,804.9055412102205,19.61890024044272,32.030307488296955,33.540681349634696,6025.818300023015
148.32893647286616,803.3498900879961,17.463464696037605,33.79924515567161,19.249315063582703,5779.206703014318
159.78047664047773,791.0548422618923,17.822037432513945,23.82231609167238,15.966634936715074,6010.219085443542
149.119140137574,808.3620919942603,17.448949420698458,31.53261792530003,43.50145943402234,5744.3673925545945
165.07290564298134,801.5155421750184,17.382477262313447,24.546006374045017,50.59258001463939,5973.09130597127
143.5985686611271,796.4222427917541,16.13550559291105,25.43724458809309,97.99554473582783,5600.0584805374
151.80360719667422,824.7674316227382,18.34053093729914,26.311204254465675,4.458809273414399,5866.070591176009
149.2614752360161,806.1672095726383,19.16192891374056,21.350640955331443,71.36602831121537,5840.2246089979
143.68472955743135,797.6765071836143,19.37607426839828,18.85582845468172,62.023484896112045,5733.421704448354
137.37424037484584,805.0603542701058,16.93358243406781,36.949319813228406,69.29202292247886,5622.572576031541
142.5157412470393,813.1760363917202,18.74537407350312,21.326998497071077,92.94034838491538,5782.256528846688
162.7359678069464,808.8077247981296,16.952822457655397,24.957730087116676,38.93897796668735,5989.076223721368
157.62244121618542,808.6398079454497,18.542082347358555,32.08384547471287,82.18393227529025,5971.947228067024
157.18032381174558,795.6527009016181,17.556829389733213,32.381333053904726,50.18695310245037,5823.952338251014
150.90031915959827,803.3161572828591,17.30253489116043,19.08517714799304,14.661455715984228,5798.998589919443
150.95200224023023,802.9813742953821,18.323559755580472,26.24681504411988,91.509845449003,5768.775695354713
153.40256925353106,794.6415469037794,17.40687187977244,29.692780009188755,57.97928438329551,5703.424261178713
142.79366177464345,811.3670940365072,18.750853301249126,23.90109717368023,97.56019191566524,5703.0853755288335
164.7692112167514,815.4920902997685,17.135800753867258,32.151396006481434,0.7091812774370987,6065.079024840233
145.40007319695482,771.9138084975158,17.88958240903414,30.761828777688823,48.52906340617154,5599.585285003633
145.2991969140876,798.1899567002242,18.31746759638265,34.860268934827204,94.92811717559836,5714.8756974979415
135.90090282558208,785.0468981862203,17.124233177530954,28.033535451015247,84.48640854105085,5475.999967489499
142.1864471449131,805.6743488547273,17.92974981267203,20.84649802440462,63.73021565380239,5700.410826656688
146.6102525688121,804.0777571256596,18.507897631816316,24.80631633370318,34.23951232958596,5803.127190607688
149.0482146359448,811.9733572510874,17.502116021962138,21.480812382616385,28.520580268041407,5808.086820819811
165.61060624724198,806.2593912325812,16.805301034031114,25.94832093952079,36.82501073951331,5926.060358021309
162.76598075855037,800.6328456863577,18.523902461477547,30.044406892777296,60.96819082757774,5971.264630578291
151.9391078132335,782.0720368434488,19.39096837681481,20.00827049503329,62.56499129414531,5770.716439598579
138.229936459384,789.9666251797408,18.30366923462303,22.731952605890697,0.6183822640896675,5697.242677158462
146.0598988437096,805.6468477578522,17.208596745849277,13.18897471937168,48.79001952793018,5755.358279778548
142.05867991942574,822.8238991423376,18.54345456962844,26.51541307597974,56.9304984412202,5874.16315625422
147.02924845530896,806.5123011963756,17.034151027852328,28.200155468232698,94.07508592344612,5617.5190054945015
129.65836576395242,793.3154461299843,20.305380662028245,33.258978700117225,87.7120467662288,5571.483058676766
150.1479611973431,807.0899054645239,17.981702639252326,27.947245992471977,20.48024090562095,6019.007678863596
138.41617875247232,817.9306701531108,17.041873050127602,24.61186836980489,67.42935737000246,5656.756536081514
153.6562870535301,797.1261547918847,18.58184535431292,24.089713398536624,93.61765641665052,5840.040104304087
149.8889178404068,804.4313766609185,18.007152433606855,27.721052275326805,31.55331806631355,5840.204335972925
156.76954462660925,794.6366302684769,19.00719941212393,25.353905329537582,36.67983206462684,5949.919703815956
144.17588029795743,804.6511110039631,17.600276296003,20.72667541810569,51.04601313464413,5746.882752619402
148.7897177502374,796.2583457205898,18.54644476530124,16.94723350908931,44.3439102836044,5816.395141532191
141.72047695025745,800.7156660043923,17.994683782112407,31.623264059897544,9.24495170370666,5639.657813551383
139.75649179174704,818.0339308890121,15.904712245755883,31.49190885549965,17.589028341866207,5630.376682964562
155.03409585716034,802.8934788006454,17.71146027266217,20.297478873253432,61.0363007818157,5841.6155953617335
153.5357579434612,779.1855855869322,18.565277992543788,28.5169948023567,0.7463140417219405,5851.981256001725
155.64792136678224,807.0349233783463,18.70698237292494,33.223216863980284,77.4485603119791,5811.462916905008
172.38699224103257,787.7501585789049,18.006459852331997,28.093768530663738,96.67061400184606,5917.810562943036
148.06934789232255,803.8460220824677,18.776995175123776,28.479143711770792,56.54159397525381,5807.408661170032
149.84763689078264,793.9366866243975,17.649186717716105,25.471462178314894,68.12821105324338,5837.747113609541
135.98773693712258,796.6347044105396,17.16417636417305,25.87038247575629,8.839696714675839,5591.220608280522
147.30334053350035,800.576599332461,16.91810853810827,27.51765983214471,98.46544775908396,5752.158735450971
149.78179080505294,802.4135048922949,17.84534673923132,23.3011666195374,93.53944896677989,5815.911960188646
149.54253815840696,782.6485820234672,16.919198613096423,25.66823561104032,21.171437214797084,5690.472189115395
143.23312614448827,801.7823711896535,18.663886999192407,29.236473482890787,73.64731746190728,5665.552822575562
133.21711917703436,809.0546830591862,17.03131887824249,33.07735453721649,49.20017294320827,5519.035482570075
160.93892532298992,803.16965023092,17.421839762922286,36.3426441109347,23.36904488253636,5868.069088150251
148.05098286652972,803.0968352006842,17.93717401610547,21.85331118242409,72.04567414627562,5807.005212302973
158.67279088824725,806.0306081223039,16.771390690022393,32.67319487988036,22.748160369354,5995.567396628181
150.3821727913251,804.9696578764941,18.71305020914568,23.06783107304765,14.990925324713968,5899.322840981371
151.0943404182288,788.0925524142881,17.815037568689153,22.9214409639586,7.221318533518795,5801.381788653215
147.4669851263368,819.2309164942845,17.491431667334588,16.508396848454876,96.03667746221302,5797.115012600965
152.97626448614204,794.808516665438,19.351610729294944,26.351584703485297,57.56652529974197,5841.695997708543
161.37516849623884,799.0191711528208,18.48285520769086,22.641683457631597,90.77612436501786,5891.529871287245
167.55486467342106,791.2755169883618,17.558815950806082,15.631040665348843,16.91618938424202,6013.523751264399
152.68407477305263,788.8963222968781,19.027678391289182,21.56952374826363,26.7997266884378,5837.465626323609
162.36439853875032,798.1449489769708,18.007152433606855,38.63460832268129,50.41328419184383,5949.806900570336
149.67446108375972,796.4585013141005,18.54447142257914,24.013988764687653,81.31420044817254,5768.760716112819
151.91144792763507,785.3137032931768,18.21916586043275,22.751067660269165,5.739184368827354,5748.916376781596
152.78582543367904,802.2263180892635,18.35350019897652,37.748628418101774,20.588198817832115,5861.889381712706
153.01710356537706,794.1323548325777,18.27951292256282,24.330947037142337,11.396588711924116,5842.121752646936
138.40836353092791,812.3176682457141,18.972524068801636,19.97847577722232,37.53213457730138,5733.887395259312
143.03088770029703,806.1055782991725,17.59221780071627,30.357723220652616,20.399460360938736,5730.257110374264
138.1828544957932,806.7614331420697,17.537132864092126,19.7622334572778,16.144768603292103,5674.381964904907
133.3330765118079,818.6224790362485,18.01355941444461,31.044663839171196,88.74245353703603,5579.028597713354
141.09885993025352,780.4550221870134,17.956859342964375,28.989562973810447,63.91078469947063,5621.052203034016
155.40343619905642,796.3943716430543,18.529806507688868,26.87910684318988,41.93346804192883,5914.052760216264
146.53529772284924,796.9905280284274,18.878056632560934,17.204701819325052,58.24350768882959,5841.006532744111
150.60340686996057,804.7019496280874,18.894245051729108,27.220366691613734,90.69855184382438,5813.450485948829
145.33936968536918,791.6275380647851,19.058605609935427,32.909813949116014,28.27654570600986,5761.524861075498
142.40179038450725,769.9941215477085,19.667701913399718,21.48443396009347,70.85835457678252,5645.890500086439
148.03345757428946,792.0432722413088,18.521439643551496,35.27224170410736,45.93436555939564,5741.447183191895
146.48676879433273,811.4325650751509,18.29574323977074,29.465114261890207,26.56855648662635,5811.8718347403465
158.89482537131454,783.8211783559393,17.665674748074316,21.696688409749072,0.8619002591780278,5864.294452226147
144.75430394226737,786.7506311675031,16.950380346590606,32.77637837068838,24.545446253893044,5606.442443934858
141.84788604417443,803.3592536641532,16.878227825456598,13.543863474956243,38.722314121020695,5754.13003454933
161.24937522106845,800.1630389614941,16.688007627003913,18.636369601620395,7.527871665167362,5892.380557367946
147.9657301418555,813.1969384233686,18.06843501821956,13.147073372697175,23.833721062799697,5858.994995193471
161.15689957796474,791.1289687261822,16.869816673864158,25.004096913744892,3.342357243550376,5905.035465325938
156.8631793319375,796.5677792447465,17.268503737112415,26.898149929216867,1.9972932578028124,5933.355946441495
151.0542993347158,806.5884796173176,16.18335777335121,22.616828103124075,42.7541855359712,5766.8819507276185
150.11463807244354,801.8699168365927,16.962662794624453,25.04307080144765,16.684857820557763,5758.251650959744
141.551779085847,808.3018038429046,18.707755047233416,26.34540846721175,49.8967944220793,5735.489091123381
153.32533855158366,788.4570442089066,19.560539305593164,27.168503903638616,8.670656759564022,5905.690202874026
136.3805295905447,795.5195020580138,19.01796599462314,26.60091037777241,10.347506364658464,5601.544747840166
143.6381294788695,790.1786898743014,19.174021039006597,25.786391117295093,21.75879399316445,5746.596779712416
146.37843387448382,791.8356176372536,17.521029160542714,26.388675535153435,81.06835703375918,5667.791922261611
150.48736771193924,796.7210443474568,18.811798965713287,27.184841776327968,9.76100381089916,5786.916612720409
146.20894291500096,807.240783950389,18.000196711672288,31.954444389735382,75.7776560375158,5717.887379072319
148.2433299414115,797.5051040389912,17.627587992076826,24.17802706334525,30.946954908860093,5744.256740680148
158.00412312042798,802.1601427531334,16.528812616079442,20.441781295118275,23.64749122386945,5889.969905864004
151.84256551981724,812.747747372084,19.383031206039423,30.367883125443235,15.67604286516393,5972.146294555118
151.71499050940835,808.8845457300273,19.44057435249089,14.86490177219643,49.19280240391293,5933.68851269377
141.56928971181878,789.780523116819,16.982499004333405,32.03654107160467,94.47073816724816,5571.260789323413
149.26654207480976,785.6051653776901,18.655222414982934,34.53176156826157,77.5877254469693,5777.408911236752
144.39494485898172,767.3616861552265,17.934797656218805,18.38638155726487,16.08602934850979,5618.5688424926775
153.1290283137791,783.2976038482559,16.856959187380312,18.744533831976543,40.67737485720052,5712.778981568863
152.37985793936133,814.0493570335982,17.440576514598238,31.545170023622187,28.540406846342247,5883.902912133665
159.54128428168775,794.72856941149,17.76812355000951,30.036811027110428,17.478128487493382,5921.789844205901
149.82797988167505,805.9552592636314,19.895884115294766,31.604928390535637,57.64889031398659,5854.925162613702
152.00554575057845,800.0338108237029,18.39992429716992,23.5439123391278,5.165735711464103,5868.178420583675
152.35267216566598,811.4612628681924,17.20334349147513,26.91714802469773,23.899768021155133,5841.44462881034
156.69518430428525,806.1916944005056,18.472855934636826,18.911443040884887,51.1093821472398,5940.071206989993
152.44418386070913,790.5987290336666,16.438970629403542,19.62014663610875,47.43086648684303,5705.5365296919135
154.8298338819762,818.1310900085422,18.021342598171444,24.163616796020595,73.85460533969635,5971.605148132854
156.82600793314012,805.1773728050122,20.48975343647848,17.379633467727807,2.660836607768413,6034.654927116969
139.70333526634894,792.4770308271742,16.753391766240163,26.995645061945183,91.22082367815256,5600.170690347191
144.13327920856693,814.3966394668283,18.440045977494165,32.156410992498486,62.8734015059993,5735.757755336074
150.1517112691282,794.0508057592341,18.96088988363794,27.981241543045584,96.43532340359864,5760.71354351168
150.24489302804997,800.2365593002586,18.286051972232155,18.90472703806013,23.672047585383293,5855.602618428536
148.683705898401,808.4266222793594,16.702342074359493,25.4629389773063,57.654498995114,5741.418091195136
144.40339654140902,792.9075246006465,18.019842163881165,7.558070684070152,39.998301829356855,5713.522001714577
136.7704129795611,798.334382983939,18.16467458115189,24.405434198552385,39.37551415654067,5639.89791391634
147.73632453244198,813.2826095017667,19.01932914537771,24.45160265494531,86.799959189509,5895.942873325034
140.89329177105606,796.0798541498013,18.979051556342853,20.046077903187147,64.34289495173307,5786.785473592705
160.18722824754158,792.7084735034175,18.06587712018444,22.57361546089623,31.283419752422,5890.899328919388
155.82977356127367,805.1913942065963,17.78192877740767,17.0033356151221,25.31989070128102,5911.140947175951
150.1479611973431,800.6288141663579,18.41752616908921,26.176788754143445,86.7979626730903,5802.419185192477
139.9418881328193,786.9126583181262,18.318305127629912,28.618568109693,63.06352949830804,5602.942133395505
139.9524567607385,817.4712530725194,20.62167703696552,27.681235004816187,9.949466887296463,5828.6416780213785
146.33351424887164,801.8720668588306,17.950215771951402,20.9793087972746,91.48421498516548,5759.85848372122
145.99095809161656,794.9691686524673,17.215859996519992,16.765206712695395,98.24825806012478,5697.304446236677
150.1479611973431,815.6613494151836,17.941096191102268,27.925361782520312,53.30552900947112,5721.601249615589
148.82821683827476,816.6648035367059,18.788245796985212,25.757067421971804,30.409463597128383,5869.449018851538
157.3216614479809,792.0173981564092,18.35029648995164,24.257626322350983,45.11300697978415,5949.113176388216
146.83510787098854,794.0870206797528,18.872531721745293,20.12558590637548,45.930368821307376,5776.806660818769
142.9357154691086,817.896288663674,16.92591543180935,26.66415077178805,99.62244930446388,5693.657428072619
158.77873269531875,795.156116615155,18.72979685580015,20.200356959788397,48.38772645642591,5982.759479031308
139.0690288175659,802.4914151860157,17.975704403417605,19.223604608292327,97.00744566667068,5681.377879094986
156.80771813956648,796.8845066467788,19.98506178561004,20.485388575881792,86.43662664559733,6009.457974827689
147.247054829029,786.414263038939,18.099138140647053,29.63152092902005,95.887187319041,5698.580541219842
148.46204636855202,794.6380223263138,17.889072379994516,19.03682395099088,35.87425105428886,5789.24426412752
154.60707538647245,800.915081257573,17.53715722486482,27.78621918127945,14.387615538978016,5795.765876361324
157.25589519969398,814.0146835480417,16.176310501612228,15.414404982427406,99.76722632646592,5878.617698074768
152.41198645524815,818.2263682775136,16.80284347308605,18.768737074936165,58.33072481842046,5836.531370928336
139.38362179513112,822.894026603599,17.01910229164884,24.25760391940146,16.874943839822954,5730.056034626051
149.73044058612234,776.4474106210046,18.567366807340715,27.24009135826839,67.7124263482564,5691.455596787205
159.78560605101515,810.202611327071,18.20951435566317,18.35705909918529,71.75613826485358,6033.81754862578
154.84185060936807,805.6387037287292,17.76103805825773,23.72999810841294,49.83330282942372,5876.884254654225
145.79269498297134,811.9885335294326,17.181966485335106,19.312643696386083,40.547167633041845,5723.159142385619
155.86797708031875,813.1832412119234,18.30034815932364,19.896788327517736,43.01427320968263,5992.630639483908
138.64820275344044,796.5808194455383,16.017324332328034,18.4157900861736,96.5609831380884,5571.6925218434535
147.10704402634002,794.1275152814561,17.777110458540456,30.424105328567887,81.94956853860523,5664.525040341339
151.51953665572086,801.3938986335341,18.23175553801308,21.38307606529623,60.82113767664467,5883.604608376632
158.46995089519004,808.8793551115567,19.88770805611447,29.759054129312062,34.22255247789045,6012.787467214165
152.23509383011793,798.2225259692103,17.607652068963738,26.543193822135564,71.80681612008608,5761.110888895434
152.5862555472591,794.628867241997,16.096330753813586,8.007066411336588,11.921044284057336,5701.915009352604
143.2660437769885,799.2174635635441,18.434884222844293,15.70623684967915,71.80141781270015,5805.472450337241
146.01475358031075,786.5729846925276,18.34545028849372,25.888536518789657,15.452082999051896,5720.147897886183
149.1837826410957,796.1905657419787,17.819022049302077,10.658173795183371,75.34756054464806,5838.602554951329
154.8610892565977,794.7403832475128,17.63422927887278,25.858292619273715,40.03566268398306,5784.720049317023
143.63171489137758,801.3616405075422,17.425492568688696,20.320882322670165,71.22202051771586,5648.922362928705
155.149242272106,801.9968250778036,17.81946291674858,30.87053267216821,69.71662542903503,5780.261380703523
145.38971003917894,811.0116700798554,17.051842404051307,19.37244654078161,78.17798259287262,5722.940727781532
141.46346414989327,822.8826897006641,17.734985216184782,29.893006134665576,83.63785774103994,5801.676984373391
144.08720405909244,784.8276464475888,18.658804966318293,29.07358774035567,19.225791846809194,5743.769142742633
142.04178634204658,793.0434388070514,18.69586749764081,43.912340407072506,84.82031285528954,5663.858076384105
150.1479611973431,789.7063802104847,15.596917926190413,19.029109108879723,12.037814950553384,5685.722437038688
152.8512687641601,776.0973697389987,19.578396657441616,22.784756797315325,35.47972896563887,5866.853333183991
141.9547203353079,807.002009698558,15.891664645889842,27.54636362716608,64.10861035821594,5665.613852448204
161.9429118921532,784.771897313462,18.152017314560148,33.70556528967527,7.266558758115671,5878.702636354592
154.74506380594894,798.6574755504536,17.78067694484747,30.8668932981172,25.74792164924693,5893.278067398449
143.28588135473444,803.1212248060601,17.927846527539604,28.64947715010981,90.99301581597186,5684.598405219007
141.6643998796477,792.7692601598797,17.74871090075492,15.883923547138943,57.680791963825584,5700.08307637885
149.5865403592336,797.8503800019952,18.51990155750907,19.73935731272893,70.1499101465166,5851.815655675647
152.82797852314843,816.3895978819575,17.688500019312727,27.55293959944138,31.803961169451988,5912.27314046825
154.74930360669583,788.91792162501,16.691263374283473,29.1223947751535,55.057063454136426,5702.522268532028
156.21686978854598,798.6486026569455,18.31148554795139,27.85258409515974,46.90249397178835,5840.501105072909
130.0514731418437,810.5175437295637,17.19599982140755,33.68383419635084,93.61630415509966,5505.3161891175605
146.5418624953011,798.9056717316447,18.903876813205184,32.09134655775977,63.15443786761603,5731.72153049464
149.6073355389515,809.5725675434486,18.27428747968377,18.25903580056241,49.2982710458089,5841.578313408249
148.9472382221133,808.0184330718882,17.42443222027905,23.186916478104276,94.29827840711356,5754.176259802832
139.81277844465504,810.6193957164198,17.067892745417304,30.25873387301761,40.56452594472375,5703.729359664992
150.1479611973431,791.1641129894813,16.303426832662595,26.27256011844505,58.84312404534523,5740.435214544757
145.3576328690367,801.0876130035269,17.62715244924217,20.36458750746256,81.78220735661907,5713.050615611109
158.96206341304142,798.558990232959,19.25523883065936,19.072759954595504,60.5896815179483,5983.61395686921
163.05291839687624,807.8600063112434,19.134403932895005,12.085698732344918,53.3323547859605,6068.6830344165455
138.64176499889143,817.841535893822,18.78474481286943,17.342173500769984,46.39854174403808,5796.761886456584
155.67988505178246,813.2819436684758,17.40219977599185,20.745874254217057,21.096989061995043,5908.088275914941
155.5930894737324,824.536805317664,18.95713800534508,24.765882883734736,1.0513224541653488,5964.714883098608
158.98310139132187,806.0687426070353,18.5943493869637,27.03212390753014,56.94972585185759,5921.929545995015
138.42317917293914,811.1116116274952,17.805752340063183,16.155207207747367,44.58866198598079,5699.647634307967
167.72069162532011,816.329990635179,19.06152887510734,14.904047835263883,34.7822347433046,6126.996958059878
145.2610158794943,804.9350896172435,18.007152433606855,23.688080335389785,64.95560067569618,5760.043707802872
145.97191338807502,786.2987275221328,17.423478081035682,13.937238499115526,4.486055762771701,5722.314257757396
154.6332368179634,799.9625435227384,17.418375102217638,25.307187411286517,12.83499266146948,5877.390391962851
152.29634715708988,793.9763208229524,19.75617839163159,24.44893141399027,93.22668839209724,5937.8356853030455
146.2775189925801,812.4776511918448,19.200521343771936,28.03744593583556,81.46250560259172,5905.835110724018
152.7056216324992,802.6505596651944,18.007152433606855,32.31382473876198,22.578955215062912,5888.382854354058
157.72207572318246,821.1032166118583,18.17464279050638,16.668744677012732,62.8030464569537,6038.168509999556
159.41309577559304,791.0061979491404,19.670689459985372,18.602590408604648,67.52308375620375,5958.126438096838
155.93936108707584,804.4814040027363,18.645185636666287,18.282723229700988,10.70291342110381,5944.765432648795
151.2651576219317,806.1326384940303,18.01819038854497,13.701098751648498,30.49031243850635,5898.248521029823
161.59892943272732,800.8530559008424,18.802900072625107,26.615768515484405,19.23157727843505,5891.707847236451
154.9874618995746,797.3220400337342,18.99283405038052,26.84567600913518,14.609656554132023,5972.142647848297
146.13622580375534,811.6500351400446,18.626283385010783,31.49614632332244,7.489584200198374,5773.4510688353175
151.84177484198813,797.6776372014357,17.36560942135456,26.4580283323264,82.54398957486288,5765.656032035398
155.33888237486275,795.8928775683083,18.007152433606855,31.00979095125136,8.741680787108386,6017.753859624826
162.9824404924534,805.5593736718835,18.72002575742744,19.93035136843902,1.401451752605698,6060.204732655904
136.9644797627125,791.421057887158,18.51630540973659,28.40861923077188,51.351786674177,5645.259245535111
143.16128054193717,816.4005838997134,16.74366494109361,21.798398161365,36.22934900002048,5753.554618546173
150.52902455715565,800.4863073389681,19.34862285428796,19.918894203247813,42.835180056884624,5878.585225445143
140.46665860794536,805.6952481630799,17.08795601948451,12.507407780866076,49.03124894098283,5713.570976890717
145.4284233093111,819.7059509079655,18.791667216191293,27.961929085858905,64.80303180552141,5767.523461342735
164.44645513330758,811.9048314441388,19.111110492806382,24.536673728661725,27.46658697879054,6105.730226646146
150.5556771020052,805.6369768948148,16.73985147810447,21.80698862123686,75.1798163586933,5779.247912274883
163.11192593724223,820.7936053160148,18.38927465616152,36.38660210047586,44.79716563821899,6013.809124002085
146.21945979678378,801.9585012635772,16.74671516513117,20.82583073681761,96.27325838611392,5663.460254996368
151.59736064155308,794.7597945875619,19.231078192769864,24.64350891236504,54.20152984797261,5867.52254114721
147.17968110071874,795.6514845456136,18.24742015016688,18.141884127557628,16.361620413827627,5799.818296113786
150.38665028668382,807.9803817483822,17.74192764519025,24.40692879256416,40.91825874584886,5813.355838352247
154.22845837600747,792.6417998151845,18.337832681346377,29.98115087117566,34.30267125900244,5816.848722864058
142.4331385522558,797.2898613482738,18.007152433606855,25.24795379362371,80.1840168452806,5610.24529636681
151.63023758111945,788.827377525396,18.163247372803852,25.96293774384088,82.14712527761908,5832.85608796769
150.3750562424084,799.020069263301,16.128401373173755,18.57488548789337,43.28399210571723,5689.814621092146
141.8874746386585,802.6723602923231,17.93618062445311,24.234071910890854,52.87073198840526,5679.556732254581
159.27163019317803,803.616339114062,19.44331972745968,28.304785433641975,14.13835542163402,5994.2020958106905
158.49718909433594,804.1520279253081,17.98851549954625,31.348709950522903,57.85418182035315,5900.8349909085055
155.02334728451743,791.6112287296294,18.23769019593911,18.84548389815833,79.40144502659628,5792.464286232653
148.6246181989923,797.1273637043952,16.02009270747634,33.360727165146585,93.64933313102256,5643.648550426928
170.7966538649399,810.7098531273817,15.873680328341276,26.81020005341041,79.00832499714377,5931.406907428323
163.79707908002558,786.0773874028214,16.623838156098135,32.87190243144368,34.96143988077222,5786.220695864809
161.07280697985547,792.5836006505172,19.33993618794333,25.28160941236222,30.946257644618235,5897.921857593673
150.1479611973431,805.9801915161547,19.173993082231046,19.5723137500374,96.6558439380544,5556.053358586286
155.3854293517939,796.7608949150375,18.61894589177253,25.204164466433397,91.4834949996878,5825.129740633803
152.5290750568145,796.7779525595059,19.331518663299107,19.32695872034361,17.046251158164203,5876.947319569145
150.221270454925,804.7943402458808,20.2910928417995,20.35231017988851,33.3299859870525,6023.607566112465
152.73494431859203,792.8569476427804,18.96677839350133,21.699308302380768,22.51610242159319,5827.68690984795
141.19320237313576,795.8973252699157,16.909693179675116,30.48084239210444,54.69155137931242,5612.862865543337
137.5299775581059,798.5124094499306,17.253313268996767,25.3135509429849,62.60547089808013,5639.094051420903
139.69983053891264,789.946371460425,18.44333743286778,38.104580400282735,9.072088274783086,5628.083625133856
157.2206916514378,805.7295789869761,18.08870375556282,21.710798210999364,83.19415416880521,5876.453292241794
149.3874128785066,795.2347453078584,17.941324010132877,12.5464719455288,16.25110652974563,5798.358570988521
147.23649192484226,800.2688359690676,19.718841032246456,22.01840784929213,45.28833604155117,5877.460066571844
137.53280734083535,789.2513765510137,18.559125606282183,35.97772121029652,82.6464609492183,5580.711318773336
150.71263395090196,798.8882897510725,16.49331585337394,21.81127269184471,82.05075042321091,5711.874018968978
139.34150170591644,788.1503846517776,18.378030697449468,27.74683365955471,96.8326960099255,5593.261040450388
145.868093733578,783.3170293548138,19.399037141963436,27.3298720325407,7.289845187165501,5759.774698002907
162.88426276059863,812.2206519484841,19.499212154684077,17.9237852702043,64.8256954077822,6049.220813885174
150.1479611973431,783.065214908272,18.024118999515288,19.4526153137314,34.09619736429885,5968.475061227044
158.76890348678785,789.0423072486219,16.16871104962167,17.895816650664642,58.62354987807616,5797.397401965142
151.73667375507756,812.2885954290854,17.2224927673551,16.384542856788833,59.60435954776472,5824.862853744617
151.6173692266431,805.7844589550107,17.497471177339186,25.295849989121336,63.92018293899599,5832.319732830122
151.90977098445336,783.517632550206,19.04229507616601,34.770811328633926,31.56332153671523,5767.980483869887
150.04315564868065,813.1613161167593,18.007152433606855,26.172890389319743,0.9827552569787844,5887.905048027109
150.1479611973431,805.5133613779254,17.56723745027732,34.168188156327,61.31162390692416,5918.999239500002
149.32389580182917,793.3881596361173,17.098529305216406,21.516110184676293,87.47660625539935,5711.219589278994
148.81191380986596,812.6526520285324,18.525588658985544,38.275186236383455,35.40645623550941,5789.474872441582
151.76105466534264,790.5592229582768,16.824220698789066,31.14118386511207,10.431308735188216,5708.068121586231
135.3611323515178,803.5861799315879,18.85221288704277,16.902542730690808,23.53832618983576,5718.101311167018
138.87563569577756,807.524416046793,19.494368738954112,26.974640672260776,73.18727372865008,5671.697647252132
153.5015157334903,784.6862383708428,19.208735825101428,34.84368738092972,39.4190494599908,5769.974705836457
146.82886909782772,796.5688072473522,18.439461728211253,28.324346626695444,99.5421512925456,5670.630956116308
156.99222525848305,809.3072475964133,17.23214756444112,27.02814088661025,99.02851705849412,5877.14448613708
136.87786036812236,788.3792880922305,17.31434932432961,27.9485767163212,6.090554323518271,5500.360058768627
158.91351173133253,801.3575022836584,18.683770045040774,26.333739134805125,47.16263651952617,5971.921310082159
151.92758724877555,804.0126891297878,17.715153713538864,22.614653407049676,77.79849715709368,5829.807517410203
146.09120008914533,800.3783264976774,17.146155154093027,27.647842910195475,14.281430447286736,5743.9172710501325
143.75233819541307,808.2372586293033,18.031157145641007,31.63540254614385,36.66788797029814,5739.844117041806
150.1479611973431,811.106463730277,19.15706119469028,22.80696437808841,77.68213672402811,6086.582853630386
150.67382416714943,823.8111553182846,17.765325584291304,29.32887594254406,18.430139695009903,5883.031801586672
163.7360471531317,815.6756481651113,17.792856399377246,23.904586153722757,94.57151084410243,5974.941873217848
157.6047423680728,805.704377131214,18.590966490790745,30.598768434046416,63.31786748957723,5907.262663864696
152.89741591331267,814.0073286579253,18.738536985126284,19.99430913979225,9.9237664919681,5965.399636023351
149.73092222318562,813.0255598180871,19.31238137475596,21.315264609950106,70.76205857405353,5982.77677365488
145.5276141335691,793.2531759432518,17.09906939598701,26.87426926279943,68.26711524627594,5651.245300243959
147.44650459323586,796.6120057816632,17.413609472780422,19.10617851773611,86.34315777893845,5822.100066795487
148.09940881638258,813.1799851723688,18.014837417252124,29.697242409691437,10.466044034648114,5800.372476440375
163.961835911027,789.1827247181559,19.4852426908905,25.23668228944444,40.51971425753297,5946.715631222605
156.9184964081772,807.2804986194803,18.007152433606855,27.085369682821312,70.03478888665695,5863.812348067041
148.9647736475799,814.2192816152598,18.66300810891208,29.58417868943716,29.22489567393879,5821.572773122012
148.6995949946949,792.8565968612762,18.187427652349648,23.58418007673417,91.5289940379274,5783.2992520452
158.6674479829298,791.6531404176991,17.193992797518725,23.046333687108977,23.30189643968348,5916.919419492247
147.75548502097666,804.7542087790049,17.254476187278684,18.31572129902804,30.37350462250994,5775.4097158432105
145.9870007758834,810.140789351189,15.496039647933966,28.84325761044864,54.647636102537646,5687.3504685884745
140.7079039228822,799.7314287690608,17.713056775484628,22.63882086418163,78.06993041716287,5723.8088927051285
156.34422054568975,812.9286068344746,18.007152433606855,21.170303640829037,58.07559990556591,5927.5282531979865
143.71837714165508,795.8685047856113,18.87571142687839,21.50930779964768,35.52839742369226,5749.5050863822335
156.8777460822961,799.694584553938,17.325899137988287,26.985107827693465,82.12594203728455,5800.875378502469
144.96720848137628,802.1043559442461,18.367007151920983,33.57314624688141,84.29454824561972,5772.909049326362
143.77523336631018,802.4940004558459,17.47792072088685,18.93641068042652,11.250313052663174,5706.747439369113
137.95527197687267,799.1040459607948,17.928023927791312,32.67678958994651,13.035313004326554,5668.097146499956
162.06228936822438,805.8034739171941,18.05693599875301,32.20157049843297,83.41641082084413,5953.356259143215
147.31682633025866,809.8129038996077,18.2426145678906,32.16755332308239,5.700238755193398,5783.067124828227
144.85774310556457,800.7775790105563,18.041338935211293,26.930071248259,7.006869572118946,5713.254677144832
164.78007324957613,780.5912950970562,18.6472915349208,23.706342528591865,73.26126992403988,5926.937543567426
154.1748652760131,800.0712871949014,15.97596184418316,28.495427912852836,77.18360352301099,5678.181278168944
154.23874024912726,792.207892265345,19.409910227109165,20.36404332837505,93.99243728857088,5855.109107027532
139.1344807062201,822.3485984475456,16.578297207664423,24.55616281843373,26.679454943383085,5680.463810321662
141.10290467244,802.3664825734384,17.970132788143964,25.04728110816837,73.22192063122223,5729.670485969971
148.54372431772398,787.7266781798061,17.394557640322645,16.658668449079222,1.9651482746847804,5727.441910150725
161.14236963938134,789.2150841725318,17.046240496522575,33.93467864996974,35.967556122306775,5839.479451985022
150.1479611973431,824.0974641642257,17.968068063531472,19.1478038363305,60.43044198214788,5849.287197248769
147.86356317827753,799.1159805571725,17.19474776781187,19.06025324468792,67.6820043630047,5732.549734727794
152.30414179461212,809.8025185263334,17.80858304274986,23.92544028990306,14.424002111810353,5813.720741482014
155.2896083137099,799.3906765931592,17.21671154654871,20.610209566548832,78.8913962965867,5812.998145493281
148.48581714181745,812.0544014895429,18.003510888255455,28.496425499043188,97.74381842040124,5733.208202798989
154.02755263890575,803.6003880271098,18.69527716907388,32.3752887057823,38.28333947684352,5882.391805296271
146.42409604823203,779.985149593559,17.90930896526538,19.643274907048696,86.70116069106004,5670.097990523702
141.21348386618124,784.2179015991655,16.765397824918782,29.092416940375788,76.62454727603789,5537.002131471709
138.48978886746846,790.9179923940123,17.685257035975845,25.27133625399989,64.73421343730912,5600.193327105148
149.4588753513693,821.7376567418486,18.93617720133446,26.033526318466222,17.238636210516624,5905.523756297425
155.10813136284207,792.3141271234002,18.45546944218176,24.48358184325464,95.97457214619692,5815.757276028683
152.94458997566636,801.3899919793918,19.714130704297407,26.111053220979485,29.785939839021125,5898.204142067545
143.98908262096796,793.8118411864131,17.349601665527995,22.492542725404657,76.1889894377484,5752.835229699138
168.02207814038144,793.2776675089208,17.607208096932887,28.03579332073519,28.972798373821465,5967.108836467318
152.31256307145932,787.75263067147,17.43236531504294,21.233596563492966,60.32454226840298,5760.449321659821
159.7056158248453,816.9659995331791,18.371161124881738,17.244247917086426,15.636214164487503,6026.450437752039
154.04849478149853,792.4773593957516,17.116964682817212,20.183053336294947,31.69041377206248,5720.85199149438
153.9420039658928,804.8458138261501,17.959317787754003,38.82183251262873,61.82850210137198,5882.4589733342345
149.5531532485584,810.9416029520464,16.66471133178029,26.276438655145963,14.386796634332978,5763.201341393297
136.26079453637112,813.5534740203315,18.166450847963088,28.01646884494489,6.605530782216007,5673.84849734965
156.68708751830425,795.9769055504253,18.252094231929647,15.9131781449154,60.32130620995043,5896.294349276531
150.6367411719399,793.736851654903,17.531533318720218,27.977195124179897,93.06722555623983,5684.116709327785
143.3477051115271,820.268707820371,18.247266481253742,20.63036678556032,23.875177108602408,5784.92607806797
149.20942702526614,782.2181794879415,17.400001157292934,29.939679494066237,59.54148016201084,5719.857470604656
143.63964848435575,792.5242540708931,17.585116250761434,15.060260753933356,9.669455978756714,5775.8895995411085
151.7092696653524,801.2767894785363,17.470448099547095,22.52551709070112,42.268661965742574,5779.991329222908
149.86483956532126,781.3138360663474,18.277583091910053,15.803796640660416,14.660830036000316,5748.631352382216
147.35499452319587,796.6425864799818,18.047285002821912,24.10618414139622,52.6094013251542,5788.132978317027
149.5313375167756,795.1661012866747,18.117370311157803,24.36197798481211,66.28597876346657,5782.102216911078
144.29735403100483,798.9023248495783,18.49638840000247,18.548125641704573,37.09737125921691,5735.840101542593
143.47465659048092,780.4555333733704,19.41288384756913,37.31783214700998,8.14472128911592,5717.25977848491
137.77383812990573,790.1077662978903,18.773444174012354,14.24136128479254,91.67560031187467,5645.150680457316
151.07599495106453,813.7206342448359,17.922553460553438,28.878937226354623,94.83695527889188,5775.396418396735
147.6865445895486,811.8786676453124,18.07360649259292,25.17074548709895,33.40455484199596,5828.757035431094
154.61525665201057,795.2335984935097,17.818641397859068,27.55266918510503,78.00480870400435,5807.595634454066
143.59455210993897,820.4038388124259,17.538959456400526,11.10313682218674,10.015499750676693,5798.813775849905
145.06714356109046,805.9568455530529,18.167979828532427,28.41856214319188,70.15652656029422,5731.630975041679
144.2032514268331,807.0454083010356,19.911656923415727,19.502074485559483,2.812150627792376,5867.835472469407
146.64153968003262,796.8772641159878,17.61230420279779,25.30996586110648,84.0348177588508,5697.544389552522
148.1418610469958,793.6319299562817,18.26350809106028,22.221031827487607,11.797248362806156,5776.959573270316
142.28169992149853,800.4505677723631,18.44878596398636,20.93802916924881,33.27294765103791,5705.899815930936
137.07705055530155,785.3477501254501,17.72936828129881,27.829254282509236,73.60354004260655,5510.434460721398
150.39933299798594,800.9813164378395,16.71647935210238,28.00144281661942,3.994797328609434,5799.477760215669
151.20745363934626,817.7449835926024,18.007152433606855,29.263294613786712,82.55348415204156,5858.66656013287
159.88599057940928,808.178967257726,17.149420993755125,30.75031491905225,58.77984493716848,5825.1316629450885
144.01566104296134,793.2093630909513,17.756629235129388,14.013130729969898,32.00161130873917,5717.899833749472
149.0557190867274,797.7402580028638,18.55519233144886,42.21041833400061,96.20584989413516,5838.622796485003
150.1479611973431,785.4386178209132,18.400507280083733,27.49867622860872,96.69685146183151,5736.998001436247
156.23001631499125,797.9698495037363,16.21727492926022,20.056387078168,64.04472739932528,5734.3549540618405
165.44088600674675,817.3327742836681,17.121978512945113,25.468858377817885,95.46663568790687,5975.2939093980585
149.5929136695605,798.5732336230278,18.28084326430974,21.314061135422232,71.04218150124117,5765.5430924992
127.80462292859086,797.9226986584495,17.648017306339472,26.55196688713233,9.3017409262675,5489.33704169125
142.43949448043506,802.5886990570249,17.121757311276923,21.830217720022127,37.5821219007941,5682.274282917326
150.1479611973431,773.0909331109704,17.120846605243393,11.86046977012868,18.424865157267423,5723.400582426215
148.02212197315856,794.8427479999879,18.4458042103181,39.91113950007335,43.776505498812845,5823.432001018977
153.75907899363563,834.829008723626,17.775272477142,23.562988467869506,10.11656196131032,5940.361373077838
134.4490797843183,795.6874451707133,18.100466101707905,26.149464377164534,50.61398526946444,5523.590594505117
148.4782554170742,801.9933577795296,19.26248665355864,23.66367579534036,72.10546608978719,5917.924812355061
152.22585967616808,787.3272508331181,18.45777275863257,32.324927792878285,82.63903116005552,5755.772709286632
163.53808428211556,791.2876287247872,18.28862766582463,20.697903105232385,11.239702717601295,5921.587343596211
143.1497136333522,815.456364830714,17.31797705378978,16.62526478684509,61.44994602551925,5744.732047770627
143.78319846673216,805.5621452863322,16.906536620561468,26.07085998331234,49.674342800598446,5756.431214738411
167.46534550141396,777.8695343674568,16.62138309445102,28.831961011858613,5.496630683982207,5800.90840110676
140.14146494399378,807.4723129990965,18.448402157373312,17.970073916094627,13.341633552320708,5696.613848999032
151.63826129456965,825.7445578937968,18.64540461880868,32.02119225517962,44.99436742688596,5885.452166923686
159.1953446939703,815.256262834196,19.65999503801978,21.33168851566823,12.890258507349897,6032.317707072334
151.23774086269918,803.322147642512,17.279429432034934,21.61631507165054,39.09174268411623,5806.358025112643
147.4555134238531,782.4160910326391,16.31256598320687,28.081686785386577,66.9268291750835,5626.36533619662
145.8278576666956,813.2161736501284,17.5002668994658,32.3800034363149,38.628770514554525,5792.426946489424
164.91645163231473,806.1214876740491,17.813356745743306,21.68247497579619,14.431204368748151,6053.448786094413
137.23803996232573,803.5670650914981,18.007152433606855,24.464595074671305,64.27774134799279,5682.156421862833
150.1479611973431,797.6143765637951,18.43546736837391,25.946568635762617,87.93930568071954,5647.498231914768
149.89920905946988,816.991334239015,17.72073139971903,30.482629728313512,95.8138119804496,5841.386246202277
155.0545919413574,818.5359399983006,17.274878201030347,22.529059786218056,52.81892617563562,5952.369630909169
151.6700564616062,798.5091729696769,17.495346420122782,22.28830376852873,24.828747963084595,5773.247643805117
